col1,col2
丹頂　千歳鶴__0,po00018100.jpg
港まつり__1,po00000800.jpg
函館日日新聞社__2,po00001200.jpg
婦女界__3,po00001300.jpg
長編講談__4,po00002200.jpg
岩波講座　日本文学__5,po00002300.jpg
婦人世界__6,po00002400.jpg
少女の友__7,po00002500.jpg
日本少年__8,po00002600.jpg
さっぽろ__9,po00002900.jpg
岩橋英遠展__10,po00003000.jpg
松前__11,po00003300.jpg
松前__12,po00003400.jpg
恐山（国鉄周遊指定地）と薬研温泉__13,po00003800.jpg
松前__14,po00003900.jpg
松前__15,po00004900.jpg
松前__16,po00005000.jpg
松前__17,po00005100.jpg
松前__18,po00005200.jpg
オリンピック東京大会__19,po00005300.jpg
京都へ__20,po00005700.jpg
北海道立美術館　1971__21,po00006900.jpg
北海道立近代美術館__22,po00007300.jpg
北海道立三岸好太郎美術館__23,po00007400.jpg
フランス美術《栄光の300年》__24,po00007600.jpg
第9回国民体育大会__25,po00007800.jpg
たくぎんの1969年カレンダー__26,po00008600.jpg
第9回　国体ラグビー__27,po00008900.jpg
スキーと冬山の写真展__28,po00009000.jpg
第9回　国体卓球__29,po00009100.jpg
国体宝くじ__30,po00009400.jpg
暮らしの中に光を…貯蓄__31,po00009500.jpg
第17回函館山市民ハイキング大会__32,po00009900.jpg
謹告__33,po00010600.jpg
港まつり__34,po00010700.jpg
港まつり__35,po00010800.jpg
ペリー来航100年記念　港まつり__36,po00011300.jpg
中村善策展__37,po00011600.jpg
国画会　渋谷円吉油絵個展__38,po00012200.jpg
EXPO’70 日本万国博__39,po00012400.jpg
国策のグラフ　写真週報　国策のパンフレット　週報__40,po00017000.jpg
校註　日本文学大系校註　国歌大系近代　日本文学大系__41,po00017200.jpg
国策のグラフ　写真週報__42,po00017400.jpg
講談倶楽部新年号__43,po00017700.jpg
訳註　初等　英文世界名著全集　全十五巻__44,po00017800.jpg
民間放送20周年記念　民放のイメージを標語に__45,po00018800.jpg
みんなが貯蓄　住みよい社会__46,po00019200.jpg
お宅にも郵便受けを__47,po00019300.jpg
第2回市民劇場準特別公演__48,po00019400.jpg
世界の巨匠　葛飾北斎展__49,po00020300.jpg
貯蓄増強10月特別運動　明るい家庭　希望の夢は貯蓄から__50,po00020400.jpg
国民年金に加入しよう__51,po00021000.jpg
文芸春秋　文化講演会__52,po00021500.jpg
お子さまの夢を育てましょう__53,po00021600.jpg
第6回　北海道秀作美術展__54,po00021800.jpg
函館信用金庫　CALENDAR 1970__55,po00021900.jpg
’73　白楊祭__56,po00022100.jpg
第11回北海道人形劇フェスティバル__57,po00022700.jpg
うれしい便り大切な手紙みんな郵便受けで__58,po00023400.jpg
利子の引きあげ__59,po00023500.jpg
第9回海洋少年団北海道大会__60,po00023700.jpg
アポロのようにスピーディで確実な郵便のおとどけ郵便番号がそれをお約束します__61,po00024000.jpg
夏のレジャーは忍路へ__62,po00024700.jpg
宿泊施設ご案内__63,po00025600.jpg
さくらと史蹟の名所　松前__64,po00025800.jpg
きれいな海のきれいな魚__65,po00026200.jpg
近代詩歌展《その三》　明治・大正の詩人たち__66,po00026500.jpg
まりもを故郷え　代りに素晴らしい人造まりもが生れました__67,po00027500.jpg
マリモを大切に…__68,po00027600.jpg
The Tokyo Nichi=Nichi__69,po00027700.jpg
日清汽船株式会社__70,po00028200.jpg
足利本銘仙__71,po00028400.jpg
婦人公論　9月号__72,po00028800.jpg
ヴエス軍作画展__73,po00029500.jpg
ヘレンケラー女史大衆講演会__74,po00029600.jpg
天間正五朗　前田政雄　版画展__75,po00029700.jpg
岡田紅陽作品　四季の富士写真展覧会__76,po00029800.jpg
前田政雄個人版画展覧会__77,po00029900.jpg
第三回　彩人社洋画展__78,po00030000.jpg
第三回　函館市内中等学校　雄弁大会__79,po00030600.jpg
知学　田中巴之助先生特別大講演会__80,po00030700.jpg
日本聖公会組織四十年記念　基督教講演会__81,po00030800.jpg
医学智識普及後援会__82,po00031000.jpg
コドモの会__83,po00032300.jpg
塗料智識普及宣博__84,po00032400.jpg
五稜郭懐旧館は__85,po00033100.jpg
COMMERCIAL SHOW ROOM__86,po00033200.jpg
函館青森間貨車航送記念共進会__87,po00033300.jpg
福引__88,po00033400.jpg
北海道畜産産馬共進会__89,po00033500.jpg
岩手県物産共進会__90,po00033700.jpg
第十五回　全国特産品博覧会__91,po00033800.jpg
第十回全国特産品　博覧会開設__92,po00034000.jpg
教育博覧会__93,po00034100.jpg
御聖徳景仰　明治大帝御一代展覧会__94,po00034200.jpg
大名古屋土地博覧会__95,po00034300.jpg
国産振興　北海道拓殖博覧会__96,po00034400.jpg
函館商品陳列館__97,po00034700.jpg
奥羽六県連合馬匹共進会__98,po00035000.jpg
全国優良土産品及包装紙展覧会__99,po00035100.jpg
メートルとサイズ展覧会__100,po00035200.jpg
国防と産業大博覧会__101,po00035300.jpg
満蒙資源館__102,po00035600.jpg
紀元二千六百年記念　昭和十五年開催　日本万国博覧会__103,po00035700.jpg
日満産業大博覧会__104,po00035800.jpg
北海道大博覧会__105,po00035900.jpg
名古屋汎太平洋平和博覧会__106,po00036000.jpg
御大典奉祝名古屋博覧会__107,po00036200.jpg
全国観光地土産品展示会・全国水産製品展示会__108,po00036400.jpg
全国特産品博覧会__109,po00036500.jpg
躍進日本大博覧会__110,po00036600.jpg
意匠商標品展覧会__111,po00037200.jpg
防空展覧会__112,po00037400.jpg
第八回　商工省輸出品包装展覧会__113,po00037500.jpg
聖保禄高女バザー__114,po00037600.jpg
第一回函館特産品展覧会__115,po00038100.jpg
第四回北海全道家禽共進会__116,po00040100.jpg
第十一回函館没馬能力共進会__117,po00042500.jpg
埼玉甘藷__118,po00043000.jpg
レート__119,po00051600.jpg
アセモ・タダレの最新薬　シッカロール__120,po00052700.jpg
大津屋　太平商店__121,po00053400.jpg
郵便壁新聞__122,po00069700.jpg
郵便壁新聞特集号__123,po00071800.jpg
北海道百年記念＝作文・論文の募集__124,po00073900.jpg
フレッシュ絹上布__125,po00077600.jpg
秩父銘仙__126,po00077700.jpg
江戸自慢御裏地__127,po00078000.jpg
村山大島紬__128,po00078100.jpg
本場秩父銘仙__129,po00078200.jpg
サムライ兄弟商会__130,po00078800.jpg
箱館一番日本事始め物語　[カレンダー]__131,po00079100.jpg
出版記念フォーラム__132,po00079300.jpg
函館浪漫地詩図夢__133,po00079400.jpg
函館浪漫地詩図夢Ⅱ__134,po00079500.jpg
箱館一番日本事始め物語　[カレンダー]__135,po00079900.jpg
青函博（函館EXPO’88）協賛特別企画__136,po00080200.jpg
田辺三重松展__137,po00080400.jpg
森屋__138,po00081800.jpg
チェリー__139,po00085300.jpg
ピンヘット__140,po00085600.jpg
オールド__141,po00085700.jpg
パイプケーク__142,po00085800.jpg
オールド__143,po00086000.jpg
ルビー__144,po00086200.jpg
牡丹煙草__145,po00086300.jpg
花雲井__146,po00086400.jpg
露西亜形紙巻煙草__147,po00086500.jpg
巻煙草__148,po00086600.jpg
マニラ紙巻__149,po00086700.jpg
岩谷商会__150,po00087100.jpg
牡丹煙草__151,po00087600.jpg
ホーニー巻煙草__152,po00087800.jpg
ピーコック__153,po00087900.jpg
ホーク__154,po00088000.jpg
春の福引大売出し__155,po00088200.jpg
レコード石鹸__156,po00088400.jpg
老牌金剛石牙粉__157,po00089300.jpg
クラブ美身クリーム__158,po00089500.jpg
楽生堂Ｈ．Ｓ線療院__159,po00089700.jpg
クラブ美身クリーム__160,po00089900.jpg
ライオン歯磨__161,po00090000.jpg
クラブ美身クリーム__162,po00090100.jpg
クラブ美身クリーム__163,po00090200.jpg
クラブ歯磨き無代進呈__164,po00090300.jpg
レート大演習会__165,po00090400.jpg
レート大演習会__166,po00090500.jpg
ゴコー整髪料__167,po00090600.jpg
函館毎日新聞創刊六十周年記念__168,po00090700.jpg
御香椿油__169,po00090800.jpg
電気週間__170,po00091300.jpg
JOIK__171,po00091700.jpg
フクロクストーブ__172,po00091900.jpg
フクロクストーブ__173,po00092000.jpg
三菱鉱業株式会社__174,po00092100.jpg
天下ストーブ__175,po00092200.jpg
萩原式安全ストーブ__176,po00092300.jpg
ピースストーブ__177,po00092400.jpg
センオーストーブ__178,po00092500.jpg
愃六ストーブ__179,po00092800.jpg
フクロクストーブ__180,po00095100.jpg
フクロクストーブ__181,po00095200.jpg
つつしみの日__182,po00097500.jpg
火乃用心__183,po00097600.jpg
函館火災予防組合連合会__184,po00097700.jpg
中央火災傷害保険株式会社__185,po00097800.jpg
輸出振興外貨節約__186,po00098000.jpg
火の用心__187,po00098200.jpg
宇宙旅行も貯蓄から__188,po00098500.jpg
交通共済定期預金__189,po00099100.jpg
農業協同組合__190,po00099200.jpg
貯蓄増強中央委員会__191,po00100000.jpg
満州へ朝鮮へ__192,po00121700.jpg
南満州鉄道株式会社__193,po00123400.jpg
想ひ起す二十五年前__194,po00125900.jpg
備へよ国防__195,po00126300.jpg
支那事変ノ国債__196,po00128000.jpg
支那事変貯蓄債券__197,po00128500.jpg
支那事変国債__198,po00128800.jpg
SHIMATANI-LINE__199,po00131600.jpg
北日本汽船__200,po00131700.jpg
COMPLIMENTS OF OSAKA SHOSEN KAISHA.__201,po00131800.jpg
北日本汽船株式会社__202,po00132100.jpg
大阪商船株式会社__203,po00132300.jpg
大阪商船株式会社__204,po00132400.jpg
大阪商船株式会社__205,po00132500.jpg
OSAKA SHOSEN KAISHA__206,po00132600.jpg
大阪商船株式会社__207,po00132800.jpg
北日本汽船株式会社__208,po00132900.jpg
日本郵船株式会社__209,po00133200.jpg
東洋汽船株式会社__210,po00133300.jpg
東洋汽船株式会社__211,po00133400.jpg
近海郵船株式会社__212,po00133600.jpg
近海郵船株式会社__213,po00133700.jpg
近海郵船__214,po00133800.jpg
近海郵船株式会社__215,po00133900.jpg
近海郵船会社__216,po00134000.jpg
近海郵船株式会社　[カレンダー]__217,po00134100.jpg
近海郵船株式会社__218,po00134200.jpg
日本郵船株式会社__219,po00134300.jpg
近海郵船株式会社　[カレンダー]__220,po00134400.jpg
近海郵船株式会社__221,po00134600.jpg
NIPPON　YUSEN KAISHA__222,po00134900.jpg
日本郵船株式会社__223,po00135000.jpg
日本郵船株式会社__224,po00135100.jpg
日本郵船株式会社__225,po00135300.jpg
日本郵船株式会社__226,po00135400.jpg
日本郵船株式会社__227,po00135500.jpg
日本郵船株式会社__228,po00135600.jpg
日本郵船株式会社__229,po00135700.jpg
日本郵船株式会社__230,po00135800.jpg
春の長崎へ__231,po00137700.jpg
スキーは昆布温泉へ__232,po00138400.jpg
躍進日本＝実業教育__233,po00149400.jpg
揚げよ日の丸備へよ貯金__234,po00150800.jpg
国民精神総動員__235,po00151400.jpg
慰問袋募集__236,po00152600.jpg
神戸みなとの祭__237,po00154500.jpg
建国祭__238,po00155100.jpg
大法会修行実物展覧会開催__239,po00155500.jpg
建武中興__240,po00155700.jpg
元寇記念祭__241,po00155900.jpg
六百年大祭__242,po00156000.jpg
大楠公六百年祭__243,po00156100.jpg
観世音開帳__244,po00156400.jpg
明治神宮鎮座十年祭__245,po00156600.jpg
大楠公六百年大祭__246,po00156800.jpg
富士山開__247,po00157100.jpg
お互に努めませう__248,po00157500.jpg
短期公債募集__249,po00157700.jpg
勤倹貯蓄記念日三月十日__250,po00158100.jpg
貯蓄報国__251,po00158300.jpg
郵便年金__252,po00158500.jpg
速達郵便__253,po00158700.jpg
郵便局にて公債売出し__254,po00159400.jpg
公債売出し__255,po00159500.jpg
郵便局にて公債売出し__256,po00159700.jpg
公債売出し__257,po00159900.jpg
郵便局にて公債売出し__258,po00160000.jpg
四月より東北北海道飛行開始__259,po00161300.jpg
小樽港__260,po00166100.jpg
樺太庁鉄道__261,po00166200.jpg
日本郵船株式会社__262,po00166400.jpg
日本郵船株式会社__263,po00166500.jpg
海運報国__264,po00166700.jpg
北日本汽船株式会社__265,po00166800.jpg
around the world__266,po00166900.jpg
日本郵船株式会社__267,po00167200.jpg
近海郵船株式会社　[カレンダー]__268,po00167600.jpg
近海郵船株式会社　[カレンダー]__269,po00167700.jpg
近海郵船株式会社　[カレンダー]__270,po00167800.jpg
近海郵船株式会社　[カレンダー]__271,po00167900.jpg
札幌鉄道局__272,po00168300.jpg
4月2日第6回図書館記念日__273,po00170700.jpg
貯蓄増強中央委員会__274,po00175700.jpg
生徒募集岐阜薬学専門学校__275,po00185500.jpg
早稲田大学校外生の会__276,po00185600.jpg
早稲田大学校外生の会__277,po00185800.jpg
東京第一高等無線工科学校__278,po00186100.jpg
横浜専門学校__279,po00186200.jpg
給費生募集横浜専門学校__280,po00186400.jpg
市立函館実修女学校__281,po00186600.jpg
函館高等水産学校__282,po00186700.jpg
皇学儒学大東文化学院__283,po00186900.jpg
明治学院__284,po00187000.jpg
給費生ヲ募集ス__285,po00187100.jpg
海軍志願兵募集__286,po00187200.jpg
学生募集__287,po00187300.jpg
学校案内__288,po00187400.jpg
愛刀週間__289,po00197600.jpg
東京落語特選名流大会__290,po00205100.jpg
高浜喜久義__291,po00205200.jpg
鎧なき騎士__292,po00209600.jpg
世界一スミス冒険的宙返り飛行大会__293,po00209900.jpg
青函くに子大一座三十余名__294,po00212400.jpg
帝都名流大演芸会__295,po00213300.jpg
陸軍特別大演習実況放送__296,po00213700.jpg
祝　陸軍特別大演習__297,po00213800.jpg
松前観光__298,po00217200.jpg
辰悦丸箱館寄港__299,po00217800.jpg
松前さくらまつり__300,po00218600.jpg
映画　海猫__301,po00219300.jpg
松前城下時代まつり　__302,po00219600.jpg
第6回函館夜景の日__303,po00220100.jpg
成人祭　平成13年度__304,po00220900.jpg
DIG災害図上訓練ネットワーク設立記念講演会__305,po00221000.jpg
2002はこだてクリスマスファンタジー__306,po00221200.jpg
2002　はこだてクリスマスファンタジー__307,po00221900.jpg
北海道イメージアップ__308,po00222100.jpg
第10回記念2000函館ハーフマラソン大会交通規制__309,po00223200.jpg
新撰組　近藤勇__310,po00223500.jpg
広島東洋カープVS横浜ベイスターズ　セ・リーグ公式戦__311,po00223900.jpg
市制執行80年記念第15回　野外劇__312,po00224000.jpg
函館みなとパネル展　平成13年度__313,po00224100.jpg
創作劇　炎の如く__314,po00224300.jpg
函館みなとパネル展　平成14年版__315,po00224500.jpg
北海道博__316,po00244200.jpg
夕鶴__317,po00244500.jpg
北海道大博覧会__318,po00244800.jpg
大阪日本万国博__319,po00246500.jpg
東北北海道産業振興共進会__320,po00247200.jpg
幽霊やしき__321,po00247600.jpg
北海道博__322,po00247900.jpg
北洋博__323,po00248000.jpg
北海道博海の小樽会場__324,po00248400.jpg
北洋博__325,po00249100.jpg
北洋博__326,po00249200.jpg
湯川温泉納凉まつり__327,po00249500.jpg
北洋博函館カレンダー__328,po00249600.jpg
第１４回英語劇公演夏の夜の夢__329,po00249900.jpg
ナンの悲劇__330,po00250300.jpg
第9回英語劇の夕　聖者の泉__331,po00250400.jpg
第8回英語劇の夕　我等の町__332,po00250500.jpg
NHK郷土芸能発表大会__333,po00250800.jpg
第7回英語劇の夕”御婦人は皆知っている”__334,po00251000.jpg
第15回函館地区高校演劇発表会__335,po00251100.jpg
第一回発表会童話劇の集い__336,po00251200.jpg
第13回公演メドウサの首__337,po00251300.jpg
第10回英語劇の夕ドーヴァー街道__338,po00251400.jpg
第12回英語劇─Life with Father　おやじとともに─__339,po00251500.jpg
第13回英語劇わかれ__340,po00251800.jpg
貯蓄増強中央委員会__341,po00100100.jpg
新人実演大会__342,po00205000.jpg
北洋博__343,po00248100.jpg
印度国際観光物産見本市__344,po00248300.jpg
神戸海上運送火災保険株式会社__345,po00096100.jpg
リボンシトロン__346,po00105200.jpg
住みよい社会をつくる郵便貯金__347,po00028500.jpg
友愛は心の財産　__348,po00029100.jpg
北海道イメージアップ__350,po00221700.jpg
懐かしのおもちゃ展__351,po00080300.jpg
函館精養軒の包装紙__352,po00054900.jpg
岩船呉服店の包装紙__353,po00055000.jpg
荻野呉服店の包装紙__354,po00055100.jpg
荻野呉服店の包装紙__355,po00055200.jpg
精養軒の包装紙__356,po00055300.jpg
亀井信盛堂の包装紙__357,po00055400.jpg
ヤマトヤ商店の包装紙__358,po00055500.jpg
風月堂の包装紙__359,po00055600.jpg
秋月堂の包装紙__360,po00055700.jpg
風月堂田村商店の包装紙__361,po00055800.jpg
阿みや履物店の包装紙__362,po00055900.jpg
藤井土産店の包装紙__363,po00056000.jpg
ハコダテヤの包装紙__364,po00056100.jpg
トラピスト乳製品の包装紙__365,po00056200.jpg
丸越　白崎分店の包装紙__366,po00056300.jpg
長峰商店の包装紙__367,po00056400.jpg
丸安　安田商店調製の包装紙__368,po00056500.jpg
金森大正堂の包装紙__369,po00056600.jpg
函館ボーニ　荻野呉服店の包装紙__370,po00056700.jpg
松屋呉服店の包装紙__371,po00056800.jpg
近江屋呉服店の包装紙__372,po00056900.jpg
函館　今井呉服店の包装紙__373,po00057000.jpg
中村呉服店の包装紙__374,po00057100.jpg
西田屋パンの包装紙__375,po00057200.jpg
青柳軒の包装紙__376,po00057300.jpg
古西商店の包装紙__377,po00057400.jpg
寺井陶器店の包装紙__378,po00057500.jpg
小西洋品店の包装紙__379,po00057600.jpg
赤のれん洋反物店の包装紙__380,po00057700.jpg
ハマノ薬房の包装紙__381,po00057800.jpg
正札堂の包装紙__382,po00057900.jpg
田中茶舗の包装紙__383,po00058000.jpg
トラピスト乳製品の包装紙__384,po00058100.jpg
牛鳥　和洋御料理の包装紙__385,po00058200.jpg
トモエヤの包装紙__386,po00058300.jpg
ネボケ堂の包装紙__387,po00058400.jpg
サムライ呉服店の包装紙__388,po00058500.jpg
センシユウアンの包装紙__389,po00058600.jpg
トモエヤの包装紙__390,po00058700.jpg
新田完一商店の包装紙__391,po00058800.jpg
風月堂　田村松五郎の包装紙__392,po00058900.jpg
千利庵の包装紙__393,po00059000.jpg
早坂洋品店の包装紙__394,po00059100.jpg
赤のれんモスリン店の包装紙__395,po00059200.jpg
寺井陶器店の包装紙__396,po00059300.jpg
安田商店の包装紙__397,po00059400.jpg
伊月洋物店の包装紙__398,po00059500.jpg
サカモトの包装紙__399,po00059600.jpg
函館今井呉服店の包装紙__400,po00059700.jpg
共益商社の包装紙__401,po00059800.jpg
白木屋呉服店の包装紙__402,po00059900.jpg
松吉政吉商店の包装紙__403,po00060000.jpg
柳栄堂の包装紙__404,po00060100.jpg
富屋北川商店の包装紙__405,po00060200.jpg
浪花屋の包装紙__406,po00060300.jpg
成木屋呉服店の包装紙__407,po00060400.jpg
成木屋呉服店の包装紙__408,po00060500.jpg
函館今井呉服店の包装紙__409,po00060600.jpg
柳栄堂の包装紙__410,po00060700.jpg
函館サカモトの包装紙__411,po00060800.jpg
函館サカモトの包装紙__412,po00060900.jpg
浪花屋の包装紙__413,po00061000.jpg
浪花屋の包装紙__414,po00061100.jpg
函館　荻野呉服店の包装紙__415,po00061200.jpg
極光社書店の包装紙__416,po00061300.jpg
極光社書店の包装紙__417,po00061400.jpg
西川洋品店の包装紙__418,po00061500.jpg
大丸呉服店の包装紙__419,po00061600.jpg
三越呉服店の包装紙__420,po00061700.jpg
函館　風月堂の包装紙__421,po00061800.jpg
大島商会の包装紙__422,po00061900.jpg
石塚増太郎商店の包装紙__423,po00062000.jpg
松屋呉服店の包装紙__424,po00062100.jpg
小林洋服店の包装紙__425,po00062200.jpg
林屋商舗の包装紙__426,po00062300.jpg
松坂屋いとう呉服店の包装紙__427,po00062400.jpg
松坂屋いとう呉服店の包装紙__428,po00062500.jpg
五番館の包装紙__429,po00062600.jpg
養和軒の包装紙　__430,po00062700.jpg
榛原直次郎の包装紙__431,po00062800.jpg
玉川呉服店の包装紙__432,po00062900.jpg
小西洋品店の包装紙__433,po00063000.jpg
白木屋呉服店の包装紙__434,po00063100.jpg
桐生織物同業組合・邑楽織物同業組合・伊勢崎織物同業組合・群馬懸生絹太織商同業組合の包装紙__435,po00063200.jpg
イツキ洋品店の包装紙__436,po00063300.jpg
松屋呉服店の包装紙__437,po00063400.jpg
長嶋洋品店の包装紙__438,po00063500.jpg
信盛堂呉服店の包装紙__439,po00063600.jpg
河村蒲団店の包装紙__440,po00063700.jpg
菊水総本店の包装紙__441,po00063800.jpg
マルキ号本店の包装紙__442,po00063900.jpg
白崎分店の包装紙__443,po00064000.jpg
福助饂飩の包装紙__444,po00064100.jpg
秋月堂の包装紙__445,po00064200.jpg
荻野呉服店の包装紙__446,po00064300.jpg
竹田洋品店の包装紙__447,po00064400.jpg
寺井商店の包装紙__448,po00064500.jpg
加藤呉服店の包装紙__449,po00064600.jpg
菊水売店の包装紙__450,po00064700.jpg
西堀書店の包装紙__451,po00064800.jpg
高橋商店の包装紙__452,po00064900.jpg
西堀書店の包装紙__453,po00065000.jpg
カナメ屋の包装紙__454,po00065100.jpg
トモエヤの包装紙__455,po00065200.jpg
今井呉服店の包装紙　__456,po00065300.jpg
カネモリ洋物店の包装紙__457,po00065400.jpg
近江屋呉服店の包装紙__458,po00065500.jpg
陸軍御用甲子屋の包装紙__459,po00065600.jpg
西堀近江堂の包装紙__460,po00065700.jpg
成木屋呉服店の包装紙__461,po00065800.jpg
やまぶきの包装紙__462,po00065900.jpg
やまぶきの包装紙__463,po00066000.jpg
岩船呉服店の包装紙　1～2__464,po00066100.jpg
今井呉服洋物店の包装紙　1～2__465,po00066200.jpg
今井呉服洋物店の包装紙　1～3__466,po00066300.jpg
萩野呉服店の包装紙__467,po00066400.jpg
今井呉服店の包装紙__468,po00066500.jpg
風月堂田村商店の包装紙　1～2__469,po00066600.jpg
ネボケ堂の包装紙　1～2__470,po00066700.jpg
今井呉服洋物店の包装紙　1～6__471,po00066800.jpg
松屋呉服店の包装紙　1～2__472,po00066900.jpg
センシュウアンの包装紙　1～6__473,po00067000.jpg
今井呉服洋物店の包装紙　1～3__474,po00067100.jpg
三越呉服店の包装紙__475,po00067200.jpg
白木屋呉服店の包装紙__476,po00067300.jpg
白木呉服店の包装紙__477,po00067400.jpg
ハコダテヤの包装紙__478,po00067500.jpg
中村呉服店の包装紙__479,po00067600.jpg
大山商店の包装紙__480,po00067700.jpg
吉田屋モスリン店の包装紙__481,po00067800.jpg
早坂洋品店の包装紙__482,po00067900.jpg
児童百貨店トモエヤの包装紙__483,po00068000.jpg
今井呉服店の包装紙　1～4__484,po00068100.jpg
今井呉服洋物店の包装紙　1～9__485,po00068200.jpg
今井呉服洋物店の包装紙__486,po00068300.jpg
精養軒の包装紙　__487,po00068400.jpg
岩船呉服店の包装紙__488,po00068500.jpg
白木屋呉服店の包装紙　1～2__489,po00068600.jpg
岩船呉服店の包装紙__490,po00068700.jpg
2006特別企画展　没後20年 梁川剛一__491,po00258800.jpg
市立函館博物館平成22年度特別展　縄文の至宝__492,po00404800.jpg
特別展　日本の玩具__493,po00409400.jpg
戊辰戦争終結130周年　戊辰戦争　鳥羽・伏見から箱館まで__494,po00411800.jpg
特別企画展　古地図にみる北海道__495,po00412900.jpg
函館山__496,po00414200.jpg
開港112年　函館港まつり__497,po00000100.jpg
開港111年　函館港まつり__498,po00000200.jpg
開港109年記念　函館港まつり__499,po00000500.jpg
開港108年記念　函館港まつり__500,po00000600.jpg
函館市港まつり__501,po00001100.jpg
開港119年記念函館港まつり__502,po00001500.jpg
開港百十八年記念函館港まつり__503,po00001700.jpg
開港116年記念　ペリー来航120周年　函館港まつり__504,po00001800.jpg
開港百十三年記念　函館港まつり__505,po00002000.jpg
開港121年記念　函館港まつり__506,po00002700.jpg
はこだて　__507,po00003200.jpg
第10回箱館五稜郭祭__508,po00003500.jpg
はこだて　__509,po00004100.jpg
はこだて　__510,po00004200.jpg
はこだて　__511,po00004300.jpg
はこだて　__512,po00004400.jpg
函館　[函館観光ポスター]__513,po00004500.jpg
函館　__514,po00004600.jpg
函館　[函館観光ポスター]__515,po00004700.jpg
はこだて　__516,po00004800.jpg
家庭と青少年の日__517,po00005800.jpg
たすけあって共同募金__518,po00005900.jpg
発明の日__519,po00006000.jpg
春の交通安全　道民総ぐるみ運動__520,po00006100.jpg
交通安全__521,po00006200.jpg
港まつり__522,po00006300.jpg
函館開港百年記念展__523,po00006700.jpg
東日本名物名産共進展　__524,po00006800.jpg
函館開港百年祭__525,po00007000.jpg
古代カルタゴ美術展__526,po00007200.jpg
ART DEKO ガラスの美__527,po00007500.jpg
札幌オリンピックを成功させよう__528,po00007700.jpg
開港103年記念　函館港まつり__529,po00008200.jpg
開港九十年港まつり記念　昭和23年度函館観光写真コンクール__530,po00008300.jpg
開港105年記念　’63はこだて港まつり__531,po00008400.jpg
開港九十年記念　函館港まつり__532,po00008500.jpg
水道の普及と料金　__533,po00008700.jpg
1952ヘルシンキオリンピックへ選手を送りましょう__534,po00009200.jpg
第11回札幌オリンピック冬季大会会場予定図__535,po00009300.jpg
XI　Olympic Winter Games__536,po00009600.jpg
第26回学生広告論文電通賞募集__537,po00009700.jpg
第26回学生広告論文電通賞募集__538,po00009800.jpg
ハイカラ絵日記__539,po00010100.jpg
港まつり__540,po00010200.jpg
開港98年　はこだて港まつり__541,po00010300.jpg
開港106年　はこだて港まつり__542,po00010400.jpg
港まつり福引大売出し__543,po00010500.jpg
開港97年はこだて港まつり__544,po00010900.jpg
開港九十四周年・北洋漁業再開記念　港まつり__545,po00011000.jpg
松竹大歌舞伎特別公演__546,po00011100.jpg
開港九十五周年　港まつり__547,po00011400.jpg
開港107年記念はこだて港まつり__548,po00011500.jpg
優良児童図書展示会__549,po00011700.jpg
市民のための大学開放講座__550,po00011800.jpg
平成6年度特別展　箱館夢日記＝箱館と南部藩＝__551,po00012000.jpg
寺崎広業展__552,po00012100.jpg
冬の交通事故防止運動__553,po00012300.jpg
港まつり__554,po00013900.jpg
みんなで一掃き　たのしい一日__555,po00016500.jpg
開館5周年記念　夷酋列像200年　蠣崎波響とその時代展__556,po00018000.jpg
6月1日～7日　水道週間__557,po00018300.jpg
青少年のために__558,po00018900.jpg
呼んでる待ってる北方領土__559,po00019000.jpg
国際フォトニュース　かけ声の仲間__560,po00019600.jpg
海外研修生募集__561,po00019800.jpg
国をささえる若い力　自衛官募集__562,po00019900.jpg
国際フォトニュース　富士に鍛える__563,po00020000.jpg
国際フォトニュース　大空の祭典__564,po00020100.jpg
赤十字看護学生募集__565,po00020200.jpg
第19回　三国バレエ発表会__566,po00020500.jpg
きょうは税の相談日よ__567,po00020600.jpg
たすけあって！赤い羽根のよろこびを__568,po00020800.jpg
正しい計量　明るい社会__569,po00020900.jpg
明るい家庭に明るい子供__570,po00021100.jpg
警察官採用__571,po00021200.jpg
春の交通安全運動__572,po00021300.jpg
北海道中堅青年海外派遣団員募集__573,po00021400.jpg
第24回学生広告論文伝通賞作品募集__574,po00021700.jpg
航空管制官募集__575,po00022000.jpg
昭和48年度　北海道図書館大会__576,po00022200.jpg
昭和49年度　慶應義塾大学通信教育部学生募集__577,po00022300.jpg
函館市民会館落成記念バレエフェスティバル__578,po00022400.jpg
明治はるあき__579,po00022600.jpg
第7回奨学論文コンテスト__580,po00022800.jpg
教護になりませんか　第二十七期生募集__581,po00022900.jpg
芸術祭バレエ北海道公演　第10回東京バレエグループ公演__582,po00023100.jpg
第10回全国青年政治討論会__583,po00023300.jpg
第22回学生広告論文電通賞作品募集__584,po00023600.jpg
高校生の作文募集　税金についての意見や感想を書いてみよう__585,po00023800.jpg
札幌オリンピック善意通訳募集__586,po00023900.jpg
第3期　成人学校受講生募集__587,po00024100.jpg
海上保安大学校　水路科・燈台科・普通科　気象大学校学生募集__588,po00024200.jpg
第14回こどもの読書週間__589,po00024300.jpg
松前__590,po00024800.jpg
オリンピックへぼくらの代表選手を！__591,po00024900.jpg
札幌オリンピックを成功させよう。北海道__592,po00025000.jpg
国家公務員募集__593,po00025200.jpg
千代田学園　旧千代田テレビ技術学校__594,po00025400.jpg
物価抑制特別貯蓄運動__595,po00026000.jpg
ひとりで行かないムリしない__596,po00026300.jpg
学生募集　学士号授与　教職課程併設__597,po00026400.jpg
国家公務員募集__598,po00026700.jpg
よみがえる都市河川__599,po00026800.jpg
№38　青少年フォトニュース__600,po00026900.jpg
国際フォトニュース　NOWな青春若人の祭典！__601,po00027000.jpg
Photo Study 1973 №5__602,po00027100.jpg
Photo Study 1973 №7__603,po00027200.jpg
Photo Study 1973　№9__604,po00027300.jpg
Photo Study 1973__605,po00027400.jpg
国際フォトニュース　海原はるか硫黄島__606,po00027800.jpg
水道があって明るい今日がある　6月1日～7日/第12回・水道週間　__607,po00029200.jpg
鯖戸英郎氏・サルコリー氏・ハース氏・ヘンリエッタペレス夫人　演奏会__608,po00029400.jpg
洋画家　半切画展覧会__609,po00030100.jpg
小村真太郎　洋画版画展覧会__610,po00030200.jpg
第九十七回　札幌修身講話会__611,po00030400.jpg
第10回　札幌修身講話会__612,po00030500.jpg
第3回公演　国防資献金音楽会__613,po00030900.jpg
北光トリオ第一回大演奏会__614,po00031100.jpg
筑前琵琶宗家　橘旭宗先生歓迎大演奏会__615,po00031200.jpg
音楽大演奏会__616,po00031300.jpg
音楽と童謡舞踊の夕__617,po00031400.jpg
第一回　演奏会__618,po00031500.jpg
画邦　橋浦泰雄個人展覧会__619,po00031600.jpg
児童自由画懸賞募集__620,po00031700.jpg
マンドリンオルケストラ公開演奏会__621,po00031800.jpg
明治大学ハーモニカ　ソサェティー大演奏会__622,po00031900.jpg
コロムビア専属芸術家　巴里ラムルウ管弦楽団独唱者　佐藤美子独唱会__623,po00032000.jpg
我が楽界の巨星　山田耕作氏作品発表大演奏会__624,po00032100.jpg
駒ヶ嶽爆発罹災義捐大演奏会　早稲田大学オーケストラ団一行__625,po00032200.jpg
久留島武彦氏　お伽二十五周年記念会__626,po00032600.jpg
声楽の夕__627,po00032800.jpg
満州事情展覧会__628,po00032900.jpg
海の展覧会__629,po00033000.jpg
釧路海陸物産共進会__630,po00033600.jpg
市立電気科学館__631,po00035500.jpg
開館一周年　市立電気科学館__632,po00036100.jpg
全国発明品展覧会__633,po00037300.jpg
北海道衛生展覧会__634,po00038400.jpg
網走外三郡物産共進会__635,po00038700.jpg
第三回札幌工業品々評会__636,po00038800.jpg
第二回十勝物産共進会__637,po00039100.jpg
後志物産共進会__638,po00039500.jpg
山形県郷土史料大展覧会__639,po00039900.jpg
東郷元帥米寿記念展覧会__640,po00040000.jpg
道産愛用展覧会__641,po00040300.jpg
福島競馬__642,po00041000.jpg
酒田競馬__643,po00041100.jpg
第十九回樺太大競馬会__644,po00041200.jpg
福島競馬__645,po00041400.jpg
春季函館競馬__646,po00041800.jpg
帝室御賞典函館競馬__647,po00041900.jpg
昭和六年秋季　八雲競馬__648,po00042700.jpg
日本一の白河馬市__649,po00042800.jpg
鉄道図書館訓__650,po00045300.jpg
館内配置書架案内__651,po00045400.jpg
記念緑化運動__652,po00045700.jpg
植樹祭__653,po00045800.jpg
お互に道路を愛しませう__654,po00045900.jpg
道は世の為人の為ともに改良致しませう__655,po00046000.jpg
覚めよ道路改善に__656,po00046100.jpg
衛生都市の建設__657,po00046200.jpg
道路の改良と愛護は万人の幸福__658,po00046300.jpg
お互に道路を愛しませう__659,po00046400.jpg
度量衡記念日__660,po00046500.jpg
四月十一日度量衡記念日__661,po00046600.jpg
米ハキログラムデ買ヒマセウ__662,po00046700.jpg
メートルデー__663,po00046800.jpg
来ル四月十一日ヨリ白米ハメートル法デ小売シマス__664,po00046900.jpg
銃後健康報国　__665,po00047400.jpg
健康週間__666,po00047500.jpg
十月十日全国視力保存デー__667,po00047600.jpg
六月四日　ムシ歯予防デー__668,po00047700.jpg
第十三回結核予防デー　12.6.27__669,po00047900.jpg
6月4日全国ムシ歯予防デー__670,po00048000.jpg
第八回結核予防デー　7.6.27__671,po00048100.jpg
第七回結核予防デー　6.6.27__672,po00048200.jpg
自然に親しめ__673,po00048300.jpg
六月四日むし歯予防デー__674,po00048400.jpg
第二回飾窓競技会参加店__675,po00048600.jpg
陽明堂后版印刷所__676,po00048700.jpg
陽明堂后版印刷所__677,po00048800.jpg
陽明堂印刷所__678,po00048900.jpg
陽明堂印刷所__679,po00049000.jpg
陽明堂印刷所__680,po00049100.jpg
陽明堂印刷所__681,po00049200.jpg
創業二十周年　大日本法令出版株式会社__682,po00049300.jpg
三秀舎のカレンダーの台紙__683,po00049400.jpg
御大典奉祝ノ為メ十一月十日謹而休業仕候__684,po00049500.jpg
明治三十二年略暦__685,po00049600.jpg
謹而御大喪儀ヲ拝シ七日休業仕候__686,po00049700.jpg
帝国第二艦隊歓迎之為メ乗組軍人ノ御方之入浴料ヲ金三銭二仕候__687,po00049800.jpg
所得の申告__688,po00050200.jpg
故大隈候記念大講堂建設資金募集__689,po00050400.jpg
国際補助語　エスペラント__690,po00050500.jpg
賜御台覧之栄__691,po00050600.jpg
六月四日ムシ歯予防デー__692,po00050700.jpg
サムライインキ__693,po00051000.jpg
アテナインキ__694,po00051100.jpg
丸善スタンプインキ__695,po00051200.jpg
冷えたポンパンのうまさは素敵！__696,po00051500.jpg
ほうらい足袋__697,po00051700.jpg
創業明治八年　島津製作所__698,po00051800.jpg
プラトンインキ__699,po00051900.jpg
英国製ヒーロー防水靴クリーム__700,po00052000.jpg
町野金物店__701,po00052100.jpg
フライト__702,po00052200.jpg
安全スベリ止__703,po00052300.jpg
田沢除蝿粉__704,po00052400.jpg
二色蚊とり線香　キング__705,po00052500.jpg
函館名物　五稜郭漬__706,po00053000.jpg
ハアマアー鉛筆__707,po00053100.jpg
時計ビスケ__708,po00053300.jpg
CHEF SOUPS__709,po00053600.jpg
登録商標　花の雲__710,po00053700.jpg
極東　コーヒー牛乳__711,po00053800.jpg
ロンドインキ__712,po00053900.jpg
台湾ぽんかん__713,po00054000.jpg
ブルドックソース__714,po00054100.jpg
羊肉ハ肉ノ王　__715,po00054200.jpg
新田貴金属店__716,po00068900.jpg
地図__717,po00069300.jpg
道政の重点__718,po00069500.jpg
学童壁新聞__719,po00069600.jpg
郵便壁新聞__720,po00069800.jpg
風雪百年輝く未来　１～２__721,po00069900.jpg
国土緑化推進委員会__722,po00070000.jpg
教育委員会選挙　１～２__723,po00070100.jpg
矯正保護強調運動__724,po00070500.jpg
教育委員会選挙__725,po00070600.jpg
婦人週間__726,po00070700.jpg
フォトニュース　１～２__727,po00070800.jpg
地方税法　１～３__728,po00070900.jpg
北海道かべ新聞　１～２__729,po00071000.jpg
壁新聞Ｎｏ５０__730,po00071100.jpg
北海道かべ新聞Ｎｏ２１__731,po00071200.jpg
かべ新聞Ｎｏ４１__732,po00071300.jpg
かべ新聞Ｎｏ４０__733,po00071400.jpg
かべ新聞Ｎｏ４６__734,po00071500.jpg
北海道かべ新聞Ｎｏ２２__735,po00071600.jpg
時事写真ニュース__736,po00071900.jpg
科学技術週間__737,po00072000.jpg
電気ものしり教室Ｎｏ１__738,po00072100.jpg
函館市の財政　１～３__739,po00072200.jpg
フォトニュース__740,po00072300.jpg
赤十字フォートニュース　Ｎｏ８６－１__741,po00072400.jpg
赤十字フォートニュースＮｏ８５__742,po00072500.jpg
赤十字フォートニュース　Ｎｏ８５～２__743,po00072600.jpg
赤十字フォートニュース　Ｎｏ８５～１__744,po00072700.jpg
赤十字フォートニュース　Ｎｏ８６－２__745,po00072800.jpg
交通ニュース__746,po00072900.jpg
協賛マーク__747,po00073000.jpg
正しい人体寄生虫の知識　１～２__748,po00073100.jpg
フォトニュース__749,po00073200.jpg
市立保健所　１～２__750,po00073400.jpg
北海道夢の観光コース__751,po00073500.jpg
スポーツ教室の開設__752,po00073700.jpg
北海道百年記念事業__753,po00073800.jpg
函館市の財政　１～２__754,po00074100.jpg
大蔵省・通貨安定対策本部__755,po00074300.jpg
生産第一__756,po00074400.jpg
北海道かべ新聞Ｎｏ１__757,po00074500.jpg
北海道かべ新聞__758,po00074600.jpg
北海道かべ新聞　Ｎｏ７__759,po00074700.jpg
北海道かべ新聞Ｎｏ１５__760,po00074800.jpg
北海道かべ新聞Ｎｏ１６__761,po00074900.jpg
北海道かべ新聞Ｎｏ１８__762,po00075000.jpg
北海道かべ新聞Ｎｏ１９__763,po00075100.jpg
北海道かべ新聞Ｎｏ１３　１～２__764,po00075200.jpg
北海道百年__765,po00075500.jpg
ホソイ商店__766,po00075900.jpg
御誂ふとん__767,po00076100.jpg
蚊帳宣伝福引大売出し__768,po00076200.jpg
かやは麻__769,po00077000.jpg
西川商店__770,po00078400.jpg
西川__771,po00078500.jpg
西川__772,po00078600.jpg
西川__773,po00078700.jpg
水道週間__774,po00078900.jpg
WORLD FOOD FESTIVAL__775,po00079000.jpg
函館市環境部__776,po00079200.jpg
市立函館博物館五稜郭分館__777,po00079600.jpg
水道１００年展__778,po00079800.jpg
JUNO'S JAPAN '88__779,po00080000.jpg
JUNO'S JAPAN'88　[カレンダー]__780,po00080100.jpg
函館港まつり__781,po00080500.jpg
仙台屋__782,po00080600.jpg
芽原商店__783,po00080700.jpg
森田商店__784,po00080800.jpg
金久三年味噌__785,po00080900.jpg
太平商店__786,po00081000.jpg
養和軒__787,po00081100.jpg
細居商店__788,po00081200.jpg
金久三年味噌__789,po00081300.jpg
中村酒店__790,po00081400.jpg
白牡丹商補__791,po00081500.jpg
小西商店__792,po00081600.jpg
金久三年味噌__793,po00081700.jpg
函館森屋__794,po00082000.jpg
西陣織元呉服店__795,po00084600.jpg
鈴木商店__796,po00086100.jpg
牡丹煙草__797,po00086800.jpg
千草__798,po00086900.jpg
ピンヘット__799,po00087700.jpg
佐々木商会__800,po00088300.jpg
アルファ自動研安全剃刀__801,po00088500.jpg
鶴々卵石鹸__802,po00088600.jpg
常乃花石鹸__803,po00088700.jpg
クラブ美身クリーム__804,po00089600.jpg
ライオン歯磨__805,po00089800.jpg
レート白粉__806,po00090900.jpg
浅野物産株式会社__807,po00091000.jpg
期成同盟会__808,po00091100.jpg
親子電球__809,po00091400.jpg
エビスランプオヤコランプ__810,po00091500.jpg
ナショナル電球__811,po00091600.jpg
JOIK__812,po00091800.jpg
柄杓覆__813,po00093000.jpg
有田商会__814,po00093100.jpg
白雪コンロ__815,po00093200.jpg
天女印高級飯蒸器__816,po00093300.jpg
ひば材__817,po00093400.jpg
秋田杉__818,po00093500.jpg
ＡＥＧ__819,po00093700.jpg
ＡＥＧ__820,po00093900.jpg
ジー．エス蓄電池__821,po00094000.jpg
万能レンジ__822,po00094100.jpg
標準飯蒸__823,po00094200.jpg
事変ニュース放送特設__824,po00094300.jpg
紐育スタンダード石油会社__825,po00094400.jpg
浅井式湯たんぽ__826,po00094500.jpg
日本蓄音器商会__827,po00094700.jpg
特許法史五十年記念会__828,po00094900.jpg
米井商店__829,po00095000.jpg
JUNO'S JAPAN 1988__830,po00095300.jpg
火の用心__831,po00095500.jpg
火の用心__832,po00099500.jpg
茂木佐平治醸造__833,po00101100.jpg
マルモ醤油__834,po00101200.jpg
金久三年味噌__835,po00101900.jpg
カギダイ__836,po00102000.jpg
サッポロビール__837,po00102300.jpg
サクラビール__838,po00102400.jpg
サクラビール__839,po00102500.jpg
カブトビール__840,po00102600.jpg
サクラビール__841,po00102700.jpg
大日本麦酒株式会社__842,po00102800.jpg
サクラビール__843,po00102900.jpg
サクラビール__844,po00103000.jpg
大日本麦酒株式会社__845,po00103100.jpg
サッポロビール__846,po00103200.jpg
桜ビール__847,po00103300.jpg
大日本麦酒株式会社__848,po00103400.jpg
帝国鉱泉株式会社__849,po00103500.jpg
株式会社明治屋__850,po00103600.jpg
清涼飲料金線サイダー__851,po00103700.jpg
伊勢山田小川三左衛門商店__852,po00103800.jpg
宮崎葡萄液__853,po00103900.jpg
株式会社明治屋__854,po00104000.jpg
帝国鉱泉株式会社__855,po00104100.jpg
サクラビール__856,po00104200.jpg
[ビール]__857,po00104300.jpg
サクラビール　[カレンダー]__858,po00104400.jpg
金線サイダー__859,po00104500.jpg
カルピス__860,po00104600.jpg
ダイヤモンド印__861,po00104700.jpg
キリンビール__862,po00104800.jpg
柳藤吉商店製造__863,po00104900.jpg
キリンビール__864,po00105000.jpg
株式会社明治屋__865,po00105100.jpg
カブトビール__866,po00105300.jpg
サッポロビール__867,po00105400.jpg
ミュンヘンビール__868,po00105500.jpg
大日本麦酒株式会社__869,po00105600.jpg
サクラビール__870,po00105700.jpg
サクラビール__871,po00105800.jpg
ユニオンビール__872,po00105900.jpg
サッポロビール__873,po00106000.jpg
リボンシトロン__874,po00106100.jpg
リボンシトロン__875,po00106200.jpg
サッポロビール__876,po00106300.jpg
サッポロビール__877,po00106400.jpg
サッポロビール__878,po00106500.jpg
サッポロビール__879,po00106600.jpg
サッポロビール__880,po00106700.jpg
大日本麦酒株式会社__881,po00106800.jpg
サッポロビール__882,po00106900.jpg
サッポロビール__883,po00107000.jpg
サッポロビール__884,po00107100.jpg
サッポロビール__885,po00107200.jpg
ビール__886,po00107300.jpg
サッポロビール__887,po00107400.jpg
リボンシトロン__888,po00107500.jpg
サッポロビール__889,po00107600.jpg
サッポロビール__890,po00107700.jpg
サッポロビール__891,po00107800.jpg
高級飲料__892,po00107900.jpg
御大典奉祝には道産酒で乾杯__893,po00108000.jpg
キリンビール__894,po00108100.jpg
ビタミンビール__895,po00108200.jpg
サッポロ黒ビール__896,po00108300.jpg
ビール展覧会__897,po00108400.jpg
リボンシトロンナポリン__898,po00108500.jpg
リボンシトロンナポリン__899,po00108600.jpg
清涼飲料シトロン__900,po00108700.jpg
大日本麦酒株式会社__901,po00108800.jpg
大日本麦酒株式会社製造__902,po00108900.jpg
リボンシトロン__903,po00109000.jpg
大日本麦酒株式会社製造__904,po00109100.jpg
THE DAINIPPON BEER CO.LTC__905,po00109200.jpg
大日本麦酒株式会社製造__906,po00109300.jpg
リボンシトロン__907,po00109400.jpg
[着物姿で腰板に寄りかかる女性]__908,po00109600.jpg
清涼飲料シトロン__909,po00109700.jpg
大日本麦酒株式会社__910,po00109800.jpg
北長__911,po00109900.jpg
[着物姿で本を読む女性]__912,po00110000.jpg
両関__913,po00110100.jpg
吟味追分豆__914,po00110200.jpg
大塚合名会社醸__915,po00110300.jpg
清酒金露大塚醸__916,po00110400.jpg
清酒東洋__917,po00110500.jpg
清酒金露大塚醸__918,po00110600.jpg
日本清酒株式会社__919,po00110700.jpg
井谷安次郎__920,po00110800.jpg
清酒日本盛__921,po00110900.jpg
大塚合名会社吟醸__922,po00111000.jpg
キンシ正宗堀野醸__923,po00111100.jpg
銘酒初雪小西醸__924,po00111200.jpg
石崎合資会社__925,po00111300.jpg
正宗__926,po00111400.jpg
さくらまさむね__927,po00111500.jpg
銘酒白鹿__928,po00111600.jpg
清酒白鹿醸造元辰馬総本家__929,po00111700.jpg
山邑東京出張所__930,po00111800.jpg
正宗の元祖のさくら正宗__931,po00111900.jpg
優等清酒__932,po00112000.jpg
さくらまさむね__933,po00112100.jpg
さくらまさむね__934,po00112200.jpg
清酒白鶴__935,po00112300.jpg
本嘉納商店__936,po00112400.jpg
優等清酒富久娘__937,po00112500.jpg
本嘉納商店__938,po00112600.jpg
[着物姿で腰板に寄りかかる女性]__939,po00112700.jpg
宅合名会社__940,po00112800.jpg
宅合名会社__941,po00112900.jpg
銀金泉正宗__942,po00113000.jpg
清酒月桂冠__943,po00113100.jpg
銘酒五稜正宗__944,po00113200.jpg
KIKU-MASAMUNE__945,po00113300.jpg
銘酒白鹿__946,po00113400.jpg
白鹿__947,po00113500.jpg
白鹿__948,po00113600.jpg
さくらまさむね__949,po00113700.jpg
さくらまさむね__950,po00113800.jpg
朗らかな醉　飲むなら焼酎__951,po00113900.jpg
辰馬総本家__952,po00114000.jpg
朗らかな醉　飲むなら焼酎__953,po00114100.jpg
キッコウショウ__954,po00114200.jpg
一番喜ばれる年末年始御贈答品__955,po00114300.jpg
優等清酒桜正宗__956,po00114400.jpg
醸造元千葉県野田町茂木佐平治__957,po00114500.jpg
山邑太左衛門__958,po00114600.jpg
清酒白鶴__959,po00114700.jpg
FUKUMUSUME-SAKE__960,po00114800.jpg
大日本優等清酒__961,po00114900.jpg
明治製糖公司__962,po00115000.jpg
カクザトウ__963,po00115100.jpg
塩水港製糖株式会社__964,po00115400.jpg
塩水港製糖株式会社__965,po00115500.jpg
台湾製糖株式会社__966,po00115600.jpg
大日本製糖株式会社__967,po00115700.jpg
大日本製糖株式会社__968,po00115800.jpg
大日本製糖株式会社__969,po00115900.jpg
大日本製糖株式会社__970,po00116000.jpg
大日本製糖公司__971,po00116100.jpg
大日本製糖株式会社__972,po00116200.jpg
大日本製糖株式会社__973,po00116300.jpg
大日本製糖株式会社__974,po00116400.jpg
東亜麺粉公司__975,po00116500.jpg
株式会社増田製粉所__976,po00116600.jpg
札幌製粉株式会社__977,po00116700.jpg
製糖株式会社__978,po00116800.jpg
明治製糖株式会社__979,po00117500.jpg
アメチヨコ__980,po00117600.jpg
バンザイ__981,po00117700.jpg
フルヤのウインターキヤラメル__982,po00117800.jpg
フルヤのキャラメル__983,po00117900.jpg
巴堂__984,po00118000.jpg
三度の御飯はタイム式精米にかぎる__985,po00118100.jpg
ほうじ茶森永宇治かほる__986,po00118200.jpg
精米販売萩原商店__987,po00118300.jpg
森永の菓子__988,po00118400.jpg
森永の菓子__989,po00118500.jpg
水無飴__990,po00118600.jpg
水無飴__991,po00118700.jpg
君魚焼__992,po00118800.jpg
森永ミルク森永ドライミルク__993,po00118900.jpg
新案ビスケット元祖栄泉堂__994,po00119000.jpg
優良煎茶長寿楽__995,po00119100.jpg
森永ココアミルク__996,po00119200.jpg
HOT MILP__997,po00119300.jpg
強力葡萄糖液状__998,po00119400.jpg
森永ミルク__999,po00119500.jpg
登録商標きびだんご粉__1000,po00119600.jpg
二千円大懸賞__1001,po00119700.jpg
森永ゼリビンズ__1002,po00119800.jpg
森永ベルトライン__1003,po00119900.jpg
森永バナナ__1004,po00120000.jpg
森永コンサート__1005,po00120100.jpg
グリコアメ__1006,po00120200.jpg
リグレース．チューインガム__1007,po00120300.jpg
森永ドロップス__1008,po00120400.jpg
中外の菓子__1009,po00120500.jpg
ホマレウェーファース__1010,po00120600.jpg
ミルクヨーラス__1011,po00120700.jpg
今村のチョコレートアメ__1012,po00120800.jpg
カステーラ__1013,po00120900.jpg
南満州鉄道株式会社__1014,po00123500.jpg
衛生的改良箱詰潮鮭鱒__1015,po00126800.jpg
日魯の筋子__1016,po00126900.jpg
栖原択捉漁場特産箱入鱒__1017,po00127000.jpg
栖原択捉漁場特産箱入鱒__1018,po00127100.jpg
日魯の鮭__1019,po00127200.jpg
FAMOUS GEISHA CRAB MEAT__1020,po00127300.jpg
北日本汽船株式会社__1021,po00129500.jpg
小さな生命にも思いやる心を__1022,po00129600.jpg
近海郵船株式会社　[カレンダー]__1023,po00135200.jpg
日本輸出主要品番付__1024,po00137400.jpg
遊ぶ奈良__1025,po00140000.jpg
鉄道院所管線路図__1026,po00140100.jpg
鉄道院所管線路図__1027,po00140200.jpg
鉄道院所屬線路図__1028,po00140300.jpg
鉄道院所屬線路図__1029,po00140400.jpg
鉄道院所屬線路図__1030,po00140500.jpg
商工中心会__1031,po00140600.jpg
商工中心会__1032,po00140700.jpg
越後直江津名所案内__1033,po00140800.jpg
帝国産金__1034,po00140900.jpg
国産品愛用巡回展覧会__1035,po00141000.jpg
金山労務者採用__1036,po00141100.jpg
復興函館産業第一__1037,po00141200.jpg
北海道庁__1038,po00141300.jpg
横浜製品宣伝即売会__1039,po00141400.jpg
鉱業報国__1040,po00141500.jpg
燃料報国__1041,po00141600.jpg
聖号__1042,po00141700.jpg
釧路炭田労務者大募集__1043,po00141800.jpg
年度末特別貯蓄運動__1044,po00141900.jpg
歳末特別貯蓄運動__1045,po00142000.jpg
”増加所得を貯蓄へ”特別貯蓄運動__1046,po00142100.jpg
自立促進貯蓄運動__1047,po00142200.jpg
自立促進貯蓄運動__1048,po00142300.jpg
貯蓄ニュース__1049,po00142400.jpg
独立記念__1050,po00142500.jpg
歳末特別貯蓄運動__1051,po00142600.jpg
貯蓄増強中央委員会__1052,po00142700.jpg
吹奏楽部演奏会__1053,po00142800.jpg
8月13日は函館・夜景の日__1054,po00142900.jpg
10月17日は貯蓄の日__1055,po00143000.jpg
預貯金は無税__1056,po00143100.jpg
函館野外劇__1057,po00143200.jpg
函館国際イカフォーラム__1058,po00143300.jpg
朝日新聞ニュースマップ__1059,po00143400.jpg
お隣も貯蓄しています__1060,po00143500.jpg
水揚代金はひとまず貯蓄へ__1061,po00143600.jpg
国民貯蓄五兆円達成記念__1062,po00143700.jpg
明るいくらしは貯蓄から__1063,po00143800.jpg
貯蓄増強国民運動__1064,po00143900.jpg
朝日ニュース__1065,po00144000.jpg
毎日新聞__1066,po00144100.jpg
時事通信フォトサービス__1067,po00144200.jpg
毎日新聞__1068,po00144300.jpg
時事通信フォトサービス__1069,po00144400.jpg
毎日新聞__1070,po00144500.jpg
毎日新聞__1071,po00144600.jpg
時事通信フォトサービス__1072,po00144700.jpg
時事通信フォトサービス__1073,po00144800.jpg
時事通信フォトサービス__1074,po00144900.jpg
時事通信フォトサービス__1075,po00145000.jpg
世界写真だより__1076,po00145100.jpg
世界写真だより__1077,po00145200.jpg
世界写真だより__1078,po00145300.jpg
朝日新聞ニュースマップ__1079,po00145400.jpg
朝日新聞ニュースマップ__1080,po00145500.jpg
朝日新聞ニュースマップ__1081,po00145600.jpg
ダイヤモンドガソリン__1082,po00146000.jpg
第一回全国児童栄養週間__1083,po00147700.jpg
第四回全国児童栄養週間__1084,po00147800.jpg
児童愛護週間__1085,po00147900.jpg
乳幼児愛護週間__1086,po00148000.jpg
第二回方面同情週間__1087,po00148100.jpg
少年保護記念日__1088,po00148200.jpg
赤十字デー__1089,po00148500.jpg
市民講座並青年団幹部講習会__1090,po00148700.jpg
満蒙問題懸賞論文募集__1091,po00148800.jpg
成人教育講座__1092,po00148900.jpg
少年保護記念日__1093,po00151000.jpg
函館市制記念日__1094,po00153900.jpg
市制記念日__1095,po00154000.jpg
市制記念日__1096,po00154100.jpg
建国祭__1097,po00155000.jpg
郵便局公債売出し__1098,po00160100.jpg
勤業債券売出し__1099,po00160200.jpg
勤業債券売出し__1100,po00160300.jpg
郵便局にて公債売出し__1101,po00160400.jpg
郵便局にて公債売出し__1102,po00160500.jpg
年賀状はお早く__1103,po00160600.jpg
航空郵便開設__1104,po00160700.jpg
年賀郵便はお早く__1105,po00160800.jpg
記念切手とスタンプ__1106,po00160900.jpg
特別取扱年賀郵便__1107,po00161000.jpg
年賀郵便の特別取扱__1108,po00161100.jpg
速達郵便__1109,po00161200.jpg
慶弔電報__1110,po00161400.jpg
慶弔電報__1111,po00161500.jpg
逓信省__1112,po00161600.jpg
年賀状はお早く__1113,po00161700.jpg
懸賞募集__1114,po00161800.jpg
簡易保険__1115,po00161900.jpg
簡易保険局__1116,po00162000.jpg
保険金三十億円__1117,po00162100.jpg
簡易保険__1118,po00162200.jpg
簡易保険は７００円まではいれます__1119,po00162300.jpg
簡易保険__1120,po00162400.jpg
簡易保険事業創始記念日十月一日__1121,po00162500.jpg
逓信省__1122,po00162600.jpg
簡易保険の効用__1123,po00162700.jpg
図書館記念日昭和14年__1124,po00162800.jpg
図書館記念日__1125,po00162900.jpg
図書館記念日__1126,po00163000.jpg
はこだて先住民遺物展__1127,po00163100.jpg
基督教資料__1128,po00163200.jpg
図書館デー__1129,po00163300.jpg
図書館週間__1130,po00163400.jpg
図書館と博物館週間__1131,po00163500.jpg
更生第１回函館美術展__1132,po00163600.jpg
図書館記念日四月二日__1133,po00163700.jpg
御巡幸記念展__1134,po00163800.jpg
読書普及運動__1135,po00163900.jpg
国民精神作興__1136,po00164000.jpg
図書館と博物館週間__1137,po00164100.jpg
4月2日第6回図書館記念日__1138,po00164200.jpg
佐々木平次郎君ヲ推薦ス__1139,po00164300.jpg
平出喜三郎君へ__1140,po00164400.jpg
選挙粛正強調週間__1141,po00164500.jpg
黒住成章__1142,po00164600.jpg
佐々木平次郎君ヲ推薦ス__1143,po00164700.jpg
加藤貫一__1144,po00164800.jpg
林路一__1145,po00164900.jpg
檀野礼助__1146,po00165000.jpg
高木益太郎__1147,po00165100.jpg
選挙粛正棄権防止__1148,po00165200.jpg
北海道庁警察部__1149,po00165300.jpg
選挙粛正__1150,po00165400.jpg
選挙粛正__1151,po00165500.jpg
水産立国ノ為ニ__1152,po00165600.jpg
民政党・政友会__1153,po00165700.jpg
檀野礼助__1154,po00165800.jpg
立憲民政党本部__1155,po00165900.jpg
立憲民政黨本部__1156,po00166000.jpg
TEXAS COMPANY__1157,po00166300.jpg
青函間貨車航送記念__1158,po00166600.jpg
標語募集__1159,po00168100.jpg
日本輸出入主要品番付__1160,po00168200.jpg
函館区役所__1161,po00169000.jpg
臨時国勢調査__1162,po00169100.jpg
臨時国勢調査__1163,po00169200.jpg
時の記念日__1164,po00169300.jpg
国勢調査__1165,po00169400.jpg
国勢調査__1166,po00169500.jpg
大正十四年国勢調査__1167,po00169800.jpg
臨時国勢調査__1168,po00169900.jpg
国勢調査__1169,po00170000.jpg
GALVER__1170,po00170100.jpg
セロン__1171,po00170200.jpg
和洋ボール__1172,po00170300.jpg
更生ナル硝子ボール__1173,po00170400.jpg
専売特許国産ハイスパーワニス__1174,po00170500.jpg
台湾檜__1175,po00170600.jpg
床敷物にはリノリユーム__1176,po00170800.jpg
此の建築と衛生陶器__1177,po00170900.jpg
昭和八年度に竣功の主要建築物__1178,po00171000.jpg
昭和六年度に竣功の主要建築物__1179,po00171100.jpg
昭和七年度に竣功の主要建築物__1180,po00171200.jpg
昭和八年度に竣功の主要建築物__1181,po00171300.jpg
昭和五年度に竣功の主要建築物__1182,po00171400.jpg
H.M.C階段辷止金具__1183,po00171500.jpg
アサヒランプ__1184,po00171600.jpg
RED LEAD COMPOSITION__1185,po00171700.jpg
THREE BIRDS__1186,po00171800.jpg
Shintotoryo__1187,po00171900.jpg
虹印エナメル__1188,po00172000.jpg
毬鳥印エナメル__1189,po00172100.jpg
ハイスパーワニス__1190,po00172200.jpg
蛍印エナメル__1191,po00172300.jpg
時の日__1192,po00172400.jpg
世界稀有山富貴酸化黄__1193,po00172500.jpg
エバコート__1194,po00172600.jpg
便利瓦__1195,po00172700.jpg
水性塗料アゾール__1196,po00172800.jpg
東洋不動瓦__1197,po00172900.jpg
函館建具工業組合__1198,po00173000.jpg
日本トラスコン鋼材株式会社__1199,po00173100.jpg
商工省補助__1200,po00173200.jpg
東郷ハガネ__1201,po00173300.jpg
太陽印平板浪板__1202,po00173400.jpg
天下一品ハートタイヤ__1203,po00173500.jpg
ライオン戸車__1204,po00173600.jpg
川本式ポンプ__1205,po00173700.jpg
ロールマンチョッパー__1206,po00173800.jpg
FOX__1207,po00173900.jpg
内外銘木__1208,po00174000.jpg
ベンチレーター・エルボー__1209,po00174100.jpg
"”ALPS,ANIMAL""TRAPS__1210",po00174300.jpg
"”ALPS,ANIMAL""TRAPS__1211",po00174400.jpg
杉本式針金荷造機__1212,po00174500.jpg
佐治タイル__1213,po00174600.jpg
日本出版会推薦図書（第一回）　八月__1214,po00175900.jpg
日本出版会推薦図書（第二回）　九月__1215,po00176000.jpg
日本出版会推薦図書（第三回）　十月__1216,po00176100.jpg
日本出版会推薦図書（第四回）　十一月__1217,po00176200.jpg
日本出版会推薦図書（第五回）　十二月__1218,po00176300.jpg
（第六回）　推薦図書　1月__1219,po00176400.jpg
（第七回）　日本出版会推薦図書　2月__1220,po00176500.jpg
（第九回）日本出版会　推薦図書　4月__1221,po00176600.jpg
（第十回）日本出版会　推薦図書　5月__1222,po00176700.jpg
日本出版文化協会　推薦図書　7月__1223,po00176800.jpg
日本出版文化協会　推薦図書　8月__1224,po00176900.jpg
日本出版文化協会　推薦図書　9月__1225,po00177000.jpg
日本出版文化協会　推薦図書　10月__1226,po00177100.jpg
日本出版文化協会　推薦図書　11月__1227,po00177200.jpg
日本出版文化協会　推薦図書　12月__1228,po00177300.jpg
日本出版文化協会　推薦図書　一月__1229,po00177400.jpg
日本出版文化協会　推薦図書　二月__1230,po00177500.jpg
日本出版文化協会　推薦図書　三月__1231,po00177600.jpg
文部省推薦図書一月__1232,po00177700.jpg
文部省推薦図書一月__1233,po00177800.jpg
文部省推薦図書二月__1234,po00177900.jpg
文部省推薦図書三月__1235,po00178000.jpg
文部省推薦図書四月__1236,po00178100.jpg
文部省推薦図書五月__1237,po00178200.jpg
文部省推薦図書六月__1238,po00178300.jpg
文部省推薦図書七月__1239,po00178400.jpg
文部省推薦図書七月　日本出版配給株式会社__1240,po00178500.jpg
文部省推薦図書八月　日本出版配給株式会社__1241,po00178600.jpg
文部省推薦図書　八月　日本出版配給株式会社__1242,po00178700.jpg
文部省推薦図書　九月　日本出版配給株式会社__1243,po00178800.jpg
文部省推薦図書　九月　日本出版配給株式会社__1244,po00178900.jpg
文部省推薦図書　十月　日本出版株式会社__1245,po00179000.jpg
文部省推薦図書　十月　日本出版株式会社__1246,po00179100.jpg
文部省推薦図書　十一月　日本出版配給株式会社__1247,po00179200.jpg
文部省推薦図書　十二月　日本出版配給株式会社__1248,po00179400.jpg
文部省推薦図書　十二月　日本出版配給株式会社__1249,po00179500.jpg
文部省推薦図書　二月__1250,po00179600.jpg
文部省推薦図書　四月__1251,po00179700.jpg
文部省推薦図書　十月　文部省__1252,po00179800.jpg
文部省推薦図書　三月　文部省__1253,po00179900.jpg
黒住成章__1254,po00180000.jpg
黒住成章君__1255,po00180100.jpg
黒住成章__1256,po00180200.jpg
神山雄吉__1257,po00180300.jpg
選挙の心得__1258,po00180400.jpg
内務省__1259,po00180500.jpg
北海道庁__1260,po00180600.jpg
普選__1261,po00180700.jpg
平出喜三郎__1262,po00180800.jpg
平出喜三郎君__1263,po00180900.jpg
平出喜三郎君へ__1264,po00181000.jpg
平出喜三郎君へ__1265,po00181100.jpg
立憲民政党本部__1266,po00181200.jpg
民政党・政友会__1267,po00181300.jpg
立憲民政党本部__1268,po00181400.jpg
加藤貫一__1269,po00181500.jpg
政友会__1270,po00181600.jpg
立憲政友会__1271,po00181700.jpg
松野喜内__1272,po00181800.jpg
貴下の一票は松之喜内へ__1273,po00181900.jpg
水上嘉一郎__1274,po00182000.jpg
神山雄吉__1275,po00182100.jpg
水上嘉一郎__1276,po00182200.jpg
地租委譲！__1277,po00182300.jpg
寺部頼助__1278,po00182400.jpg
五来欣造__1279,po00182500.jpg
中川原貞機__1280,po00182600.jpg
中川原貞機__1281,po00182700.jpg
高木益太郎__1282,po00182900.jpg
安部磯雄__1283,po00183000.jpg
黒住成章君__1284,po00183100.jpg
佐々木平次郎君ヲ推薦ス__1285,po00183200.jpg
佐々木平次郎君ヲ推薦ス__1286,po00183300.jpg
東武君__1287,po00183400.jpg
東武君へ！__1288,po00183500.jpg
吾等の代表東武君へ！__1289,po00183600.jpg
檀野礼助__1290,po00183700.jpg
檀野礼助__1291,po00183800.jpg
檀野礼助君__1292,po00183900.jpg
林路一__1293,po00184000.jpg
三井徳寳君__1294,po00184100.jpg
三井徳宝__1295,po00184200.jpg
三井徳宝先生__1296,po00184300.jpg
三井徳宝推薦__1297,po00184400.jpg
三井徳宝君応援演説会__1298,po00184500.jpg
生徒募集横浜専門学校__1299,po00184600.jpg
生徒募集横浜専門学校__1300,po00184700.jpg
横浜専門学校給費生募集__1301,po00184800.jpg
生徒募集横浜専門学校__1302,po00184900.jpg
生徒募集岐阜薬学専門学校__1303,po00185000.jpg
海軍志願兵募集__1304,po00190100.jpg
昭和十一年学生募集__1305,po00190200.jpg
東京大東文化学院__1306,po00190300.jpg
生徒募集__1307,po00190400.jpg
東京大東文化学院__1308,po00190500.jpg
航空機機関生徒募集__1309,po00190600.jpg
生徒募集__1310,po00190700.jpg
官立富山薬学専門学校__1311,po00190800.jpg
名古屋薬学専門学校生徒募集__1312,po00190900.jpg
学生募集__1313,po00191000.jpg
学生募集__1314,po00191100.jpg
生徒募集__1315,po00191200.jpg
昭和十二年立教大学__1316,po00191300.jpg
昭和十一年立教大学__1317,po00191400.jpg
海軍少年航空兵募集__1318,po00191500.jpg
航空機機関生募集__1319,po00191600.jpg
生徒募集__1320,po00191700.jpg
三田英語学校__1321,po00191800.jpg
ともえ幼稚園__1322,po00191900.jpg
東京市下谷商業学校生徒募集__1323,po00192000.jpg
公立岐阜薬学専門学校__1324,po00192100.jpg
横浜関東学院高等商業部__1325,po00192200.jpg
生徒募集__1326,po00192300.jpg
会員大募集__1327,po00192400.jpg
同志社大学予科学生募集__1328,po00192500.jpg
昭和医学専門学校生徒募集__1329,po00192600.jpg
高松高等商業学校__1330,po00192700.jpg
関東学院高等商業部__1331,po00192800.jpg
生徒募集__1332,po00192900.jpg
官立富山薬学専門学校__1333,po00193000.jpg
巣鴨高等商業学校__1334,po00193100.jpg
官立富山薬学専門学校__1335,po00193200.jpg
独逸語講習会__1336,po00193300.jpg
生徒募集__1337,po00193400.jpg
生徒募集__1338,po00193500.jpg
横浜専門学校__1339,po00193600.jpg
官立富山薬学専門学校__1340,po00193700.jpg
官立富山薬学専門学校__1341,po00193800.jpg
官立富山薬学専門学校__1342,po00193900.jpg
航空機機関生募集__1343,po00194000.jpg
学生募集__1344,po00194100.jpg
巣鴨高等商業学校__1345,po00194200.jpg
生徒募集__1346,po00194300.jpg
上田蠶絲専門学校__1347,po00194400.jpg
中等学校懸賞論文大募集__1348,po00194500.jpg
高崎高等農林学校__1349,po00194600.jpg
公立大邱医学専門学校__1350,po00194700.jpg
第三拓殖訓練所__1351,po00194800.jpg
立教大学__1352,po00194900.jpg
岐阜薬学専門学校__1353,po00195000.jpg
文部省直轄富山薬学専門学校__1354,po00195100.jpg
文部省直轄富山薬学専門学校__1355,po00195200.jpg
立教大学学生募集__1356,po00195300.jpg
新宿高等予備校__1357,po00195400.jpg
立教大学学生募集__1358,po00195500.jpg
海外学校__1359,po00195600.jpg
夜間中学__1360,po00195700.jpg
中野高等無線電信学校__1361,po00195800.jpg
昭和医学専門学校__1362,po00195900.jpg
明治学院生徒募集__1363,po00196000.jpg
大東文化学院__1364,po00196100.jpg
専修大学__1365,po00196200.jpg
高圧線__1366,po00196400.jpg
二大名作新版封切__1367,po00196700.jpg
永遠の戦場__1368,po00196800.jpg
キングコング__1369,po00196900.jpg
マヅルカ__1370,po00197100.jpg
国定忠次__1371,po00197200.jpg
召集令__1372,po00197300.jpg
貞操問答__1373,po00197500.jpg
福島競馬__1374,po00197700.jpg
嵐の三色旗__1375,po00197800.jpg
月形半平太__1376,po00197900.jpg
子は誰のもの__1377,po00198000.jpg
真実一路大会__1378,po00198100.jpg
宝の山__1379,po00198200.jpg
悪魔の人形__1380,po00198300.jpg
大都会の戦慄__1381,po00198400.jpg
泣虫小僧__1382,po00198500.jpg
大森林__1383,po00198600.jpg
新版ベンガルの槍騎兵__1384,po00198700.jpg
血の敵__1385,po00198800.jpg
奴隷船__1386,po00198900.jpg
母の曲__1387,po00199000.jpg
オーケストラの少女__1388,po00199100.jpg
武?少年__1389,po00199200.jpg
リゴレット__1390,po00199300.jpg
不良青年__1391,po00199400.jpg
良人の貞操大会__1392,po00199500.jpg
君と踊れば__1393,po00199600.jpg
ジーグフェルド__1394,po00199700.jpg
母の曲__1395,po00199800.jpg
銀映座欧州名画祭__1396,po00199900.jpg
びっくり人生__1397,po00200000.jpg
鶯__1398,po00200100.jpg
颱風__1399,po00200200.jpg
エノケンの法界坊__1400,po00200300.jpg
風車__1401,po00200400.jpg
巨人伝__1402,po00200500.jpg
生きてゐるモレア__1403,po00200600.jpg
エノケンの風来坊__1404,po00200700.jpg
勝閧__1405,po00200800.jpg
十字砲火__1406,po00201000.jpg
赤ちゃん__1407,po00201100.jpg
上海__1408,po00201200.jpg
空中世界一周__1409,po00201500.jpg
鴛鴦道中__1410,po00201600.jpg
大岡政談魔像__1411,po00201700.jpg
続水戸黄門廻国記__1412,po00201800.jpg
目撃者__1413,po00201900.jpg
槍の権三__1414,po00202000.jpg
支那海__1415,po00202100.jpg
白銀の嵐__1416,po00202200.jpg
まごヽろ万歳__1417,po00202300.jpg
令嬢殺し犯人__1418,po00202400.jpg
子は誰のもの__1419,po00202500.jpg
無法者銀平__1420,po00202600.jpg
鞍馬天狗__1421,po00202700.jpg
路傍の石__1422,po00202800.jpg
山嶽流騎隊__1423,po00202900.jpg
雲霧仁■ヱ門前后篇大会__1424,po00203000.jpg
大江戸の魔剣__1425,po00203100.jpg
大菩薩峠__1426,po00203200.jpg
火の夜__1427,po00203300.jpg
人間大砲__1428,po00203400.jpg
子供の世界__1429,po00203500.jpg
椿姫__1430,po00203600.jpg
サラトガ__1431,po00203700.jpg
スパイ戦線を衝く__1432,po00203800.jpg
番町皿屋敷__1433,po00203900.jpg
大地__1434,po00204100.jpg
人の気も知らないで__1435,po00204200.jpg
大阪夏の陣__1436,po00204400.jpg
寿々木米若__1437,po00204700.jpg
テキサス決死隊__1438,po00205300.jpg
わが母の書__1439,po00205400.jpg
夜の空を行く__1440,po00205500.jpg
禁男の家__1441,po00205600.jpg
人類一億年の曝露__1442,po00205700.jpg
夕陽特急__1443,po00205800.jpg
若葉の夢__1444,po00205900.jpg
男の償ひ大会__1445,po00206000.jpg
失はれた地平線__1446,po00206100.jpg
姿なき侵入者__1447,po00206200.jpg
南方飛行__1448,po00206300.jpg
風の女王__1449,po00206400.jpg
姫君海を渡る__1450,po00206500.jpg
鼻唄お嬢さん__1451,po00206600.jpg
テムプルちゃんの上海脱出__1452,po00206700.jpg
踊る不夜城__1453,po00206800.jpg
大地__1454,po00206900.jpg
静御前__1455,po00207000.jpg
鎧なき騎士__1456,po00207100.jpg
スパイ戦線を衝く__1457,po00207200.jpg
姫君海を渡る__1458,po00207300.jpg
スタア誕生__1459,po00207400.jpg
間諜最後の日__1460,po00207500.jpg
半処女__1461,po00207600.jpg
愛染かつら__1462,po00207700.jpg
炎の詩__1463,po00207800.jpg
故郷の廃家__1464,po00207900.jpg
永遠に愛せよ__1465,po00208000.jpg
第一線の人々__1466,po00208100.jpg
日本人大会__1467,po00208200.jpg
花籠の歌__1468,po00208300.jpg
わが家に母あれ__1469,po00208400.jpg
大地の妻__1470,po00208500.jpg
唐人お吉__1471,po00208600.jpg
悪太郎__1472,po00208700.jpg
第九交響曲__1473,po00208800.jpg
暗黒街の顔役__1474,po00208900.jpg
美枝子の兄__1475,po00209000.jpg
新しき土__1476,po00209100.jpg
母の歌__1477,po00209200.jpg
頑張り娘__1478,po00209300.jpg
太平洋横断__1479,po00210000.jpg
出発__1480,po00211500.jpg
シバタ本部__1481,po00211800.jpg
北海道庁主催拓殖博覧会__1482,po00211900.jpg
津軽民謡新興団第一部第二部合同__1483,po00213400.jpg
波止場__1484,po00213500.jpg
はこだて　[函館観光ポスター]__1485,po00213600.jpg
函館・夏浪漫　[函館観光ポスター]__1486,po00215200.jpg
レトロ函館　[函館観光ポスター]__1487,po00215500.jpg
流れ星　[函館観光ポスター]__1488,po00215600.jpg
北極星　[函館観光ポスター]__1489,po00216000.jpg
はこだて　[函館観光ポスター]__1490,po00216100.jpg
夜景　[函館観光ポスター]__1491,po00216200.jpg
教会　[函館観光ポスター]__1492,po00216300.jpg
朝の波止場　[函館観光ポスター]__1493,po00216400.jpg
開港百二十年記念　函館港まつり__1494,po00216600.jpg
教会__1495,po00217300.jpg
カトリック教会　[函館観光ポスター]__1496,po00217400.jpg
函館港まつり　開港125年記念__1497,po00217500.jpg
函館港まつり　開港124年記念__1498,po00217600.jpg
八幡坂フォト　[函館観光ポスター]__1499,po00217700.jpg
トラピスチヌ修道院裏　[函館観光ポスター]__1500,po00218000.jpg
トラピスチヌ修道院__1501,po00218100.jpg
教会　[函館観光ポスター]__1502,po00218200.jpg
HAKODATE__1503,po00218300.jpg
教会__1504,po00218400.jpg
教会__1505,po00218500.jpg
夕暮れのBAYエリア　[函館観光ポスター]__1506,po00218900.jpg
冬の夜景　[函館観光ポスター]__1507,po00219000.jpg
北海道の民俗芸能　開拓記念館特別展__1508,po00219400.jpg
トラピスチヌ　[函館観光ポスター]__1509,po00219700.jpg
冬の八幡坂　[函館観光ポスター]__1510,po00219800.jpg
教会　[函館観光ポスター]__1511,po00219900.jpg
函館観光　２０００年の夜明け　[函館観光ポスター]__1512,po00220000.jpg
’99青年センターフェスティバル__1513,po00220300.jpg
第9回パイセス年次会合開催記念市民講演会・海洋科学展__1514,po00220700.jpg
函館市交通安全__1515,po00220800.jpg
水道局　水抜き　平成6年度版__1516,po00221300.jpg
水道局　水資源　平成11年度版__1517,po00221400.jpg
水道局　下水道　平成14年度版__1518,po00221600.jpg
水道局　水抜き　平成11年度版__1519,po00221800.jpg
函館市交通局__1520,po00222000.jpg
水道局　水資源　平成12年度版__1521,po00222200.jpg
水道局　水抜き平成12年度__1522,po00222300.jpg
水道局　水資源平成13年度__1523,po00222400.jpg
水道局　下水道　平成13年度版__1524,po00222500.jpg
水道局　水抜き平成13年度版__1525,po00222600.jpg
水道局　水抜き平成14年度版__1526,po00222700.jpg
水道局　水資源　平成14年度版__1527,po00222800.jpg
水道局　下水道　平成14年度版__1528,po00222900.jpg
水道局　下水道　平成15年度版__1529,po00223000.jpg
水道局　水資源　平成15年度版__1530,po00223100.jpg
2002函館ハーフマラソン大会交通規制__1531,po00223300.jpg
平成13年度特別展幕末の箱館と幻の陶磁器展__1532,po00223600.jpg
イタリア静物画展__1533,po00223700.jpg
中央卸売市場感謝デー__1534,po00224200.jpg
函館港まつり　開港144周年__1535,po00224400.jpg
中原淳一展__1536,po00224800.jpg
クリスマスコンサート__1537,po00224900.jpg
RED北海道ツアー　__1538,po00225000.jpg
2003函館ハーフマラソン大会__1539,po00225100.jpg
2003　函館アカデミックフォーラム__1540,po00225200.jpg
歌劇　愛の妙薬　__1541,po00225300.jpg
はこだてオートキャンプ場__1542,po00225400.jpg
第15回市民健康まつり__1543,po00225500.jpg
下水道の日__1544,po00225600.jpg
横綱の里フェスティバル__1545,po00225700.jpg
函館港まつり開港141周年__1546,po00225800.jpg
市民健康まつり　平成13年度__1547,po00225900.jpg
ブルーウェーブVSバファローズ　パ・リーグ公式戦__1548,po00226400.jpg
高田屋嘉兵衛　[カレンダー]__1549,po00226500.jpg
函館港まつり142周年__1550,po00226600.jpg
第14回野外劇__1551,po00226700.jpg
北洋資料館__1552,po00226800.jpg
横綱の里フェスティバル__1553,po00226900.jpg
花と緑のフェスティバル2001__1554,po00227000.jpg
祝祭・国際モーツァルトin北海道2001__1555,po00227100.jpg
日本の美とこころ　函館美術館__1556,po00227200.jpg
はこだてオートキャンプ場__1557,po00227300.jpg
中央卸売市場感謝デー__1558,po00227400.jpg
いきいき住まいづくりフェア２０００__1559,po00227500.jpg
市民健康まつり　平成12年度__1560,po00227600.jpg
2001年選挙啓発カレンダー__1561,po00227700.jpg
環境部リサイクル__1562,po00227800.jpg
健康づくり２１市民フォーラム__1563,po00227900.jpg
函館市市制施行80周年　[カレンダー]__1564,po00228000.jpg
ミスはこだて募集__1565,po00228100.jpg
はこだて博物史__1566,po00228200.jpg
極東ロシアのモダニズム__1567,po00228300.jpg
市民健康まつり__1568,po00228400.jpg
はこだてオートキャンプ場__1569,po00228500.jpg
第3回函館港花火大会__1570,po00228600.jpg
特別展　豪商　高田屋嘉兵衛__1571,po00228700.jpg
横綱の里フェスティバル第16回__1572,po00228800.jpg
第8回市民健康まつり保健所まつり__1573,po00228900.jpg
みなとウォークラリー平成12年度__1574,po00229000.jpg
札幌市中央図書館所蔵品展__1575,po00229100.jpg
横綱の里ふくしま__1576,po00229200.jpg
はこだて生涯学習フェスティバル__1577,po00229300.jpg
ふくしま歴史名所双六__1578,po00229400.jpg
子育て応援__1579,po00229500.jpg
リサイクルフェスティバル2000__1580,po00229600.jpg
第10回記念2000函館ハーフマラソン大会__1581,po00229700.jpg
今できることからはじめよう！ごみ減量__1582,po00230100.jpg
中央卸売市場活性化__1583,po00230400.jpg
函館戦後50年__1584,po00234200.jpg
第3回札幌国際デザイン賞作品募集__1585,po00234400.jpg
函館図書館週間__1586,po00234700.jpg
函館図書館週間__1587,po00234800.jpg
今月の文部省推薦図書__1588,po00234900.jpg
図書館週間__1589,po00235000.jpg
HAKODATEの社会教育運動__1590,po00235100.jpg
時事問題と近代__1591,po00235200.jpg
全日本博物館週間__1592,po00235300.jpg
全国博物館週間__1593,po00235400.jpg
函館図書館週間__1594,po00235500.jpg
復興建築材料展__1595,po00235600.jpg
図書館と博物館週間行事__1596,po00235700.jpg
全日本博物館週間__1597,po00235800.jpg
今月の文部省推薦図書__1598,po00235900.jpg
市立函館図書館週間__1599,po00236300.jpg
図書館週間__1600,po00236500.jpg
秋田図書館図書館週間__1601,po00236600.jpg
図書館週間__1602,po00236800.jpg
石川県図書館週間__1603,po00236900.jpg
接遇資料展覧会__1604,po00237000.jpg
東京市立図書館標語__1605,po00237100.jpg
図書館週間__1606,po00237200.jpg
今月の文部省推薦図書__1607,po00237300.jpg
秋田県図書館週間__1608,po00237400.jpg
読書週間__1609,po00237500.jpg
山梨図書館週間__1610,po00237700.jpg
朝鮮図書館週間__1611,po00237800.jpg
読書週間__1612,po00237900.jpg
図書館週間__1613,po00238000.jpg
山梨県図書館週間__1614,po00238100.jpg
山形県読書週間__1615,po00238200.jpg
信仰と迷信の展覧会__1616,po00238300.jpg
郷土勤皇事績展覧会__1617,po00238400.jpg
移動図書館__1618,po00238500.jpg
図書館と博物館週間行事__1619,po00238800.jpg
今月の文部省推薦図書__1620,po00239000.jpg
今月の文部省推薦図書__1621,po00239100.jpg
電気科学館__1622,po00239200.jpg
神戸市立図書館児童室（階上）平面図__1623,po00239300.jpg
図書館週間__1624,po00239400.jpg
秋田図書館週間__1625,po00239500.jpg
臨海文庫__1626,po00239600.jpg
戊辰勤王七十年記念祭__1627,po00239700.jpg
全国一斉図書館週間__1628,po00239800.jpg
石川県　読書週間__1629,po00239900.jpg
緑蔭文庫__1630,po00240000.jpg
大原幽学先生遺墨遺品展覧会__1631,po00240100.jpg
図書館週間__1632,po00240200.jpg
埼玉県図書館デー__1633,po00240300.jpg
埼玉県図書館デー__1634,po00240400.jpg
東京市図書館週間__1635,po00240500.jpg
埼玉県図書館デー__1636,po00240600.jpg
山梨県図書館週間__1637,po00240700.jpg
図書館週間__1638,po00240800.jpg
今月の文部省推薦図書__1639,po00240900.jpg
図書館記念日四月二日__1640,po00241000.jpg
小樽図書館週間__1641,po00241100.jpg
福岡県読書週間__1642,po00241200.jpg
台湾博物館週間__1643,po00241300.jpg
第二十五回全国図書館大会__1644,po00241400.jpg
朝鮮全国一斉図書館週間__1645,po00241500.jpg
富山県図書館週間__1646,po00241600.jpg
石川県読書週間__1647,po00241700.jpg
千葉県読書週間__1648,po00241800.jpg
岩手県図書館週間__1649,po00241900.jpg
台湾図書館週間__1650,po00242000.jpg
石川県図書館週間__1651,po00242100.jpg
石川県図書館週間__1652,po00242200.jpg
図書館週間__1653,po00242300.jpg
石川県図書館週間__1654,po00242400.jpg
図書館週間__1655,po00242500.jpg
図書館週間__1656,po00242600.jpg
秋田県立秋田図書館__1657,po00242700.jpg
朝鮮図書館週間__1658,po00242800.jpg
台湾図書館週間__1659,po00242900.jpg
山形県図書館週間__1660,po00243000.jpg
長崎県図書館週間__1661,po00243100.jpg
台湾図書館週間__1662,po00243200.jpg
読書週間__1663,po00243300.jpg
読書週間__1664,po00243400.jpg
移動文庫__1665,po00243500.jpg
外山滋ヴァイオリン演奏会__1666,po00243600.jpg
関西学院グリークラブ　合唱演奏会__1667,po00243700.jpg
大谷冽子　ソプラノ独唱会__1668,po00243800.jpg
労音　６月例会__1669,po00243900.jpg
グランドトリオの夕__1670,po00244000.jpg
スタア誕生__1671,po00244300.jpg
1959教育映画祭__1672,po00244400.jpg
宮中雅楽初公開__1673,po00244600.jpg
プロムジカ弦楽四十奏曲演奏会__1674,po00244700.jpg
武蔵野音楽大学演奏会__1675,po00244900.jpg
ゲルハルト・ヒユッシュ独唱会__1676,po00245000.jpg
三国バレー発表会__1677,po00245100.jpg
北大グリーコール演奏会__1678,po00245200.jpg
岩本真理ヴァイオリン演奏会__1679,po00245300.jpg
1957教育映画祭__1680,po00245400.jpg
NHK交響楽団特別演奏会__1681,po00245500.jpg
NHK交響楽団特別演奏会__1682,po00245600.jpg
諏訪根自子ヴァイオリン演奏会__1683,po00245700.jpg
ギリシャ政府派遣音楽使節による演奏会__1684,po00245800.jpg
岩本真理ヴァイオリン独奏会__1685,po00245900.jpg
天理高校吹奏楽部演奏会__1686,po00246000.jpg
中央大学マンドリンクラブ函館演奏会__1687,po00246100.jpg
文楽__1688,po00246300.jpg
ロメオとジュリエット__1689,po00246400.jpg
函館総合卸見本市__1690,po00246600.jpg
エール大学グリークラブ演奏会__1691,po00246800.jpg
ロスアンゼルス交響楽団__1692,po00246900.jpg
第24回音楽コンクール受賞者発表演奏会__1693,po00247000.jpg
ウィーン・フィルハーモニー特別演奏会__1694,po00247100.jpg
ピアノ演奏会原智恵子__1695,po00247400.jpg
第27回三国バレエ発表会__1696,po00247500.jpg
花荻先生と三太__1697,po00247700.jpg
グリーンコンサート__1698,po00247800.jpg
小樽総合見本市__1699,po00248200.jpg
春日八郎ショウ__1700,po00248500.jpg
ＨＡＫＯＤＡＴＥ__1701,po00248700.jpg
ＨＡＫＯＤＡＴＥ__1702,po00248800.jpg
メサイヤ演奏会__1703,po00248900.jpg
1955年教育映画祭__1704,po00249000.jpg
ソ連音楽２つの名花同時公演__1705,po00249300.jpg
CIE図書館__1706,po00249800.jpg
ベートーベンの生涯__1707,po00250000.jpg
らくだの夕__1708,po00250600.jpg
第6回英語劇の夕　ピグマリオン__1709,po00250700.jpg
NHK交響楽団特別演奏会__1710,po00250900.jpg
東京大学男声ダブルカルテットオクトパス演奏会__1711,po00251700.jpg
全函館大合唱祭__1712,po00251900.jpg
第9回函館市公民館少年少女絃楽合奏団__1713,po00252000.jpg
HBCジュニアコンサート__1714,po00252100.jpg
第13回全函館吹奏楽祭__1715,po00252200.jpg
第1回定期演奏会函館吹奏楽団__1716,po00252300.jpg
第6回全函館吹奏楽合同演奏会__1717,po00252400.jpg
第8回全函館吹奏楽合同演奏会__1718,po00252500.jpg
第14回全函館大合唱祭__1719,po00252600.jpg
東京コラリアーズ__1720,po00252700.jpg
東北大学男声合唱団演奏会__1721,po00252800.jpg
第6回ヴアイオリン祭__1722,po00252900.jpg
歳末たすけあい協賛クリスマス音楽会__1723,po00253000.jpg
吹奏楽合同演奏会__1724,po00253100.jpg
第11回函館市民文化祭音楽祭__1725,po00253200.jpg
第15回全函館大合唱祭__1726,po00253300.jpg
第16回全函館大合唱祭__1727,po00253400.jpg
ワグネルソサィエティー演奏会__1728,po00253500.jpg
諏訪根自子リサイタル__1729,po00253700.jpg
掲示についてお願い__1730,po00253800.jpg
只野ポンチ　軽笑楽劇隊__1731,po00253900.jpg
東京大学オーケストラ__1732,po00254000.jpg
梁川剛一　挿し絵原画展__1733,po00509400.jpg
平成二四年度市立函館博物館企画展　函館の麦酒__1734,po00523400.jpg
平成二四年度市立博物館企画展　写された幕末・明治の函館__1735,po00529200.jpg
2013市立函館博物館企画展　函館商人の人生模様__1736,po00536100.jpg
1996特別企画展　函館の自然詩__1737,po00560300.jpg
函館市制施行70周年特別企画展〈函館日米協会再発足1周年記念〉　箱館開港とペリーの足跡__1738,po00562700.jpg
特別展　北への道__1739,po00563800.jpg
1988特別企画展　THE HAKODADI__1740,po00564000.jpg
1992特別展　描かれた箱館五稜郭__1741,po00566300.jpg
1992特別企画展　大むかしの函館__1742,po00566600.jpg
特別展　箱館海戦記__1743,po00576400.jpg
新入学（園）児童を交通事故から守りましょう　4月1日～4月30日__1744,po00020700.jpg
平成23年度企画展　描かれた箱館戦争　幕末の動乱と蝦夷地への道__1745,po00544000.jpg
函館市縄文文化交流センターオープン記念ロビー展　現代に息づく縄文文化　亀ヶ岡焼－一戸広臣の世界－__1746,po00552000.jpg
1996特別展　幕末の箱館__1747,po00558900.jpg
2009特別展　みなとHAKODADIハイカラ展__1748,po00580300.jpg
北洋博ニュース　開催中…8月31日まで函館__1749,po00582900.jpg
新島襄と幕末の箱館　平成25年度市立函館博物館企画展__1750,po00590400.jpg
平成21年度中空土偶展　国宝中空土偶と函館の文化財__1751,po00599300.jpg
港祭記念郷土文化展覧会__1752,po00602200.jpg
賀新年　明治三十七年略暦__1753,po00604700.jpg
現代書と墨・硯　函館の五人展__1754,po00606500.jpg
懸賞当選標語__1755,po00609600.jpg
養鶏界空前の催し　全国養鶏大会　__1756,po00612000.jpg
電気安全月間__1757,po00612800.jpg
みんなで節電致しましょう__1758,po00613100.jpg
平和記念東京博覧会__1759,po00613600.jpg
衛生的改良箱詰塩鮭鱒__1760,po00613800.jpg
2004特別企画展　ペリー箱館来航150年__1761,po00616600.jpg
第14回　さっぽろ雪まつり__1762,po00618000.jpg
第14回　さっぽろ雪まつり__1763,po00618100.jpg
北洋博　芸能ニュース　提供[丸井]今井__1764,po00620400.jpg
北洋博　芸能ニュース　［ボーニ］森屋提供__1765,po00620500.jpg
北洋博　芸能ニュース　札幌酒精工業株式会社提供__1766,po00620600.jpg
北洋博　催物ニュース　川守田商店提供__1767,po00620700.jpg
北洋博　催物ニュース　提供［丸井］今井__1768,po00620800.jpg
北洋博　催物ニュース__1769,po00620900.jpg
北洋博福引付前売入場券発売中__1770,po00621000.jpg
信州善光寺出開帳尼公上人御親修大法要__1771,po00621100.jpg
北洋博ポスター図案コンテスト__1772,po00621300.jpg
ポンと…100万円豪華抽せん付　北洋博前売券発売中__1773,po00621500.jpg
記念発売　北洋音頭__1774,po00621600.jpg
北洋博　催物ニュース　［ボーニ］森屋提供__1775,po00621700.jpg
口腔衛生週間　紳士淑女のエチケット　歯のクリーニング__1776,po00622800.jpg
函館大火20周年　想い起せよ昭和9年3月21日__1777,po00623200.jpg
初心者のためのスポーツ教室__1778,po00623600.jpg
みんなの町をきれいにしよう__1779,po00623900.jpg
昭和三十二年［カレンダー］__1780,po00625300.jpg
昭和27年［カレンダー］__1781,po00626100.jpg
昭和二十八年癸巳平年［カレンダー］__1782,po00626200.jpg
大沼国定公園　1962［カレンダー］__1783,po00626500.jpg
生れ変った小包料金__1784,po00626700.jpg
つゝしみの日　三月二十一日大火災記念行事__1785,po00628000.jpg
火災を無くしましょう！　函館大火24周年火災をなくする運動__1786,po00628100.jpg
総合文化雑誌　海峡__1787,po00628400.jpg
第5回全日本切手展　函館地区展__1788,po00628500.jpg
1955年［カレンダー］__1789,po00628700.jpg
刑務所製品展示即売会__1790,po00629300.jpg
刑務所製品展示即売会__1791,po00629400.jpg
刑務所製品展示即売会__1792,po00629500.jpg
刑務所製作品展示即売会__1793,po00629900.jpg
刑務所作業製品展示即売会__1794,po00630000.jpg
歳末特別貯蓄運動　生活に希望と力を生む貯蓄__1795,po00174700.jpg
貯蓄増強国民運動　貯蓄は明日への力__1796,po00174800.jpg
明るいくらしは貯蓄から__1797,po00174900.jpg
安定した繁栄を続けるために　あなたの節約で輸入をへらし　あなたの貯蓄で輸出をふやす__1798,po00175000.jpg
収入の一割は貯蓄しましょう__1799,po00175100.jpg
お手もとの現金はひとまず貯蓄__1800,po00175200.jpg
お手もとの現金はひとまず貯蓄しましょう__1801,po00175300.jpg
減税を明るいくらしの設計に__1802,po00175400.jpg
臨時季節収入はひとまず貯蓄__1803,po00175500.jpg
歳末特別貯蓄運動　手もとの現金はひとまず貯蓄しましょう__1804,po00175600.jpg
刑務所作業製品展示即売会__1805,po00630100.jpg
郵便案内__1806,po00630400.jpg
観光切手と風景スタンプ展__1807,po00630700.jpg
新憲法施行三周年記念行事__1808,po00631400.jpg
第11回読書感想文公募__1809,po00631900.jpg
第10回読書感想文コンクール__1810,po00632000.jpg
第9回読書感想文コンクール__1811,po00632200.jpg
第6回読書週間感想文コンクール__1812,po00632300.jpg
第7回読書週間感想文コンクール__1813,po00632400.jpg
第8回読書週間感想文コンクール__1814,po00632500.jpg
昭和35年度読書週間記念　第3回函館市読書感想文コンクール__1815,po00632600.jpg
昭和33年度読書週間記念　第1回函館市読書感想文コンクール__1816,po00633000.jpg
第2回父の日、母の日、記念感想文・詩公募__1817,po00633100.jpg
日本歴史をよむ会__1818,po00633200.jpg
啄木展__1819,po00633400.jpg
第15回函館市成人祭記念　感想文と標語の公募__1820,po00633700.jpg
第16回函館市成人祭記念　感想文と標語の公募__1821,po00633800.jpg
第十七回函館市成人祭記念　感想文と標語の公募__1822,po00633900.jpg
第十八回函館市成人祭記念　感想文の募集__1823,po00634000.jpg
昭和23年度　開道八十周年記念文化祭__1824,po00634100.jpg
市立函館図書館・市立ハリファックス地方図書館姉妹提携調印式__1825,po00634400.jpg
NHK函館教育テレビジョン局開局記念　文化講演会__1826,po00635600.jpg
楽しい良い子の移動動物園__1827,po00637700.jpg
函館山三十三観音遷座法要__1828,po00637800.jpg
レクリエーションの夕__1829,po00637900.jpg
市民氷上カーニバル__1830,po00638000.jpg
国連デー記念　講演と映画の夕__1831,po00638100.jpg
1965年北海道教育映画祭　優秀教育映画上映の夕__1832,po00638200.jpg
和倉温泉空前のアイヌ熊祭__1833,po00638400.jpg
函館営林局創設5周年記念　森林文化展__1834,po00639600.jpg
江戸時代後期絵画名作__1835,po00640300.jpg
母の日記念　第8回感想文（詩・作文）募集__1836,po00640400.jpg
母の日記念　第7回感想文（詩・作文）募集__1837,po00640500.jpg
第10回母の日記念感想文・詩　公募__1838,po00640600.jpg
第9回母の日記念感想文公募__1839,po00640700.jpg
母の日記念　第12回感想文詩作文募集__1840,po00640800.jpg
室町時代絵画展__1841,po00641100.jpg
文化祭__1842,po00642300.jpg
港まつりアイヌ絵画展覧会__1843,po00642600.jpg
地方自治振興青年弁論大会　渡島函館地区地方予選__1844,po00643100.jpg
カトリック講演会__1845,po00643400.jpg
朝鮮動乱のニュース映画と講演会__1846,po00643700.jpg
宗教講演会__1847,po00644000.jpg
北海道教育委員会委員選挙__1848,po00644300.jpg
普選30周年　婦人参政10周年　記念　選挙人名簿をご覧下さい__1849,po00644400.jpg
衆議院議員総選挙　最高裁判所裁判官国民審査　正しい政治は公明選挙から　__1850,po00644600.jpg
衆議院議員総選挙　最高裁判所裁判官国民審査　公明選挙　正しい政治　住みよい日本__1851,po00644700.jpg
近ずく!!教育委員選挙　十月五日一せい投票__1852,po00644800.jpg
来るべき総選挙　教育委員選挙__1853,po00644900.jpg
総選挙　十月五日　教育委員会法公布　昭和二十三年十一月一日から発足__1854,po00645100.jpg
北海道教育委員会委員選挙__1855,po00645300.jpg
選挙　衆議院議員総選挙　参議院議員通常選挙__1856,po00645600.jpg
公明選挙　衆議院議員総選挙　最高裁判所裁判官国民審査　あなた自身のもの…　__1857,po00646200.jpg
第12回読書感想文公募__1858,po00647400.jpg
第13回市民文芸作品公募　第16回読書感想文公募__1859,po00648100.jpg
第14回読書感想文公募__1860,po00648200.jpg
青少年の保護育成運動__1861,po00651100.jpg
全国清掃美化運動__1862,po00651200.jpg
与謝野寛・晶子之歌碑　碑面__1863,po00651900.jpg
第12回市民文芸作品公募　第15回読書感想文公募__1864,po00652400.jpg
郷土の植物動物資料展__1865,po00652800.jpg
本さまざま展__1866,po00652900.jpg
啄木展__1867,po00653000.jpg
啄木資料展__1868,po00653100.jpg
港まつり協賛　函館の港　絵と写真で見る今昔展__1869,po00653300.jpg
啄木展__1870,po00653400.jpg
港まつり協賛　郷土開拓資料展__1871,po00653600.jpg
港まつり協賛展　“箱館の文明開化と異人たち”__1872,po00653700.jpg
むかしむかしの絵でみる北海道ひとまわり　開港112年函館港まつり協賛展　__1873,po00653800.jpg
郷土遊寓名士遺墨展__1874,po00654000.jpg
港まつり協賛　函館文学展__1875,po00654200.jpg
港まつり協賛　郷土開拓資料展__1876,po00654300.jpg
“五稜郭と函館戦争”資料展__1877,po00654400.jpg
読書週間行事　第3回函館史跡散歩の開催__1878,po00654600.jpg
港まつり協賛展　“箱館の文明開化と異人たち”__1879,po00655000.jpg
啄木展__1880,po00655100.jpg
啄木遺跡めぐり　啄木展__1881,po00655200.jpg
第十回函館市文化祭__1882,po00655500.jpg
第18回函館市民文化祭記念　市民文芸作品募集__1883,po00655600.jpg
第15回函館市民文化祭記念　文芸作品募集__1884,po00655700.jpg
第15回函館市民文化祭記念行事　市民文化のつどい__1885,po00655800.jpg
第13回函館市成人祭　記念文芸作品公募__1886,po00655900.jpg
第17回函館市民文化祭記念　文芸作品募集__1887,po00656000.jpg
1月15日　成人の日__1888,po00656300.jpg
第16回函館市民文化祭記念　文芸作品募集__1889,po00656700.jpg
雪まつり__1890,po00656800.jpg
第三回成人祭　スクェアダンスパーテー　青年の希望を語る夕__1891,po00657000.jpg
家庭生活科学研究会__1892,po00657100.jpg
第8回函館市文化祭__1893,po00657200.jpg
第16回函館市民文化祭記念行事　市民文化交歓の夕__1894,po00657300.jpg
五稜郭戦争資料展　100年記念__1895,po00657600.jpg
国宝重美　桃山美術展__1896,po00657700.jpg
ゆかりの能登で　アイヌの熊祭__1897,po00658000.jpg
第九回　社会を明るくする運動__1898,po00658400.jpg
HAKODATE CITY CENTRAL LIBRARY　函館再発見。__1899,po00658700.jpg
開国百年ペルリ祭　記念展覧会__1900,po00659700.jpg
25年第1回　函館競輪__1901,po00659800.jpg
第5回全道視聴覚教育研究大会__1902,po00659900.jpg
第3回函館市視聴覚教育月間__1903,po00660000.jpg
第二回視聴覚教育週間__1904,po00660600.jpg
第9回函館市理科作品展__1905,po00660700.jpg
堤鐔コレクション　国宝重美刀剣__1906,po00660800.jpg
日本古美術名品展__1907,po00661000.jpg
日本名槍展__1908,po00661100.jpg
第11回函館市理科作品展__1909,po00661700.jpg
五稜郭築城100年記念行事__1910,po00662000.jpg
はこだて楽焼同好会“土”第1回作品展示会__1911,po00662200.jpg
第7回函館市理科作品展__1912,po00662300.jpg
大南洋展__1913,po00662400.jpg
飼犬は必ず　保健所へ登録を！__1914,po00662500.jpg
海は招く!!　市民海水浴場へどうぞ__1915,po00662600.jpg
第1回函館市理科作品展示会__1916,po00662800.jpg
第4回函館市理科作品展__1917,po00663000.jpg
第8回函館市理科作品展__1918,po00663100.jpg
第10回函館市理科作品展__1919,po00663200.jpg
江戸時代前期絵画名作__1920,po00663500.jpg
日本洋画名作展__1921,po00663700.jpg
飼犬は必ず登録して下さい__1922,po00663900.jpg
青年学級生募集__1923,po00664000.jpg
青年学級生募集__1924,po00664200.jpg
青年学級生募集__1925,po00664300.jpg
図書館分館読書講座　新聞のよみ方__1926,po00664600.jpg
公民館　新春の定期講座__1927,po00664900.jpg
3回　大学祭__1928,po00665000.jpg
函館商科短期大学　学生募集__1929,po00665600.jpg
水産報国　学生募集__1930,po00666100.jpg
第三十六回海軍記念日　軍事講演会__1931,po00666400.jpg
敬老デー__1932,po00666500.jpg
興亜運動大講演会__1933,po00666600.jpg
官立小樽海員養成所生徒募集__1934,po00666700.jpg
六月十日　時の記念日__1935,po00666800.jpg
十月二十日　市会議員総選挙__1936,po00667200.jpg
第二期『文学鑑賞講座』受講会員募集!!__1937,po00667300.jpg
公民館の英語講座__1938,po00667600.jpg
夏期大学　受講申込みの受付開始!!__1939,po00668000.jpg
夏季大学講座__1940,po00668100.jpg
夏期大学講座__1941,po00668200.jpg
夏期大学講座__1942,po00668300.jpg
市民のための大学開放講座　文部省委嘱__1943,po00668400.jpg
市民のための大学開放講座　文部省委嘱__1944,po00668600.jpg
市民大学講座　第一部__1945,po00668700.jpg
市民大学講座　第2部__1946,po00668800.jpg
昭和36年度　第3期　成人学校__1947,po00669400.jpg
函館市成人学校　第1期__1948,po00669600.jpg
函館市成人学校　第2期__1949,po00670000.jpg
函館市成人学校　第2期__1950,po00670100.jpg
函館市成人学校　第3期__1951,po00670300.jpg
昭和30年度　函館市成人学校　第1期__1952,po00670700.jpg
昭和30年度　函館市成人学校　第2期__1953,po00670800.jpg
昭和30年度　函館市成人学校　第3期__1954,po00670900.jpg
大東亜戦争一周年記念　決戦突破大運動__1955,po00673900.jpg
新穀感謝祭__1956,po00674000.jpg
奉祝紀元二千六百年　市民奉祝大会　家庭奉祝__1957,po00674100.jpg
満州建国十周年慶祝　大東亜経済建設　展覧会__1958,po00674200.jpg
陸軍恤兵展覧会__1959,po00674300.jpg
ファシスタ伊太利亜大展覧会__1960,po00674400.jpg
銃後奉公大展覧会__1961,po00674500.jpg
勝ち抜く経済展覧会__1962,po00674600.jpg
高度国防経済展覧会　経済と海軍力展覧会__1963,po00674700.jpg
皇国敬神大会__1964,po00674800.jpg
支那事変四周年記念行事要項__1965,po00674900.jpg
つゝしみの日　三月二十一日大火災記念日__1966,po00675000.jpg
市会議員総選挙　誓って正しく必ず投票__1967,po00675100.jpg
紀元二千六百年記念　全国児童愛護運動__1968,po00675200.jpg
大東亜戦争完遂のため！　土地建物等を売れば__1969,po00675300.jpg
軍人援護強化運動__1970,po00675400.jpg
ファンのお正月はこれから絶対豪華陣!!!　20日より　人肌観音　椿姫__1971,po00675500.jpg
銃後奉公強化運動__1972,po00675800.jpg
軍人援護強化運動__1973,po00675900.jpg
支那事変二周年記念日__1974,po00676000.jpg
大火災十周年記念日__1975,po00676100.jpg
HAKODATE CITY CENTRAL LIBRARY　本に逢いに行こう。__1976,po00676300.jpg
さくらまつり__1977,po00677500.jpg
第3回函館山市民ハイキング大会__1978,po00678600.jpg
第5回函館山市民ハイキング大会__1979,po00678700.jpg
第6回函館山市民ハイキング大会__1980,po00678800.jpg
第9回函館山市民ハイキング大会__1981,po00678900.jpg
第13回函館山市民ハイキング大会__1982,po00679000.jpg
昭和25年　国勢調査　十月一日__1983,po00679300.jpg
昭和二十五年　十月一日　国勢調査__1984,po00679400.jpg
昭和二十六年　北海道常任人口調査__1985,po00679600.jpg
職業訓練生製作品展示即売会__1986,po00679700.jpg
第9回黒船祭__1987,po00264300.jpg
ひらり　花の数ほどの出逢い。　HAKODATE__1988,po00264900.jpg
函館　HAKODATE　この胸いっぱいに、潮風の想い出。「函館」。__1989,po00265100.jpg
はこだて　冬も、いいね。HAKODATE__1990,po00265200.jpg
函館　また、いこう。　HAKODATE__1991,po00265300.jpg
ROMANTIC　HAKODATE　函館　星のように、雪。__1992,po00265400.jpg
ROMANTIC　HAKODATE　函館　幻のように、港。__1993,po00265500.jpg
HAKODATE　新しい「函館」が動き出す。__1994,po00265600.jpg
HAKODATE　新しい「函館」が花開く。__1995,po00265700.jpg
きらり　星の数ほどの情緒。　HAKODATE__1996,po00266300.jpg
HAKODATE　朝もやの教会、雪の坂道。幼い日の記憶…函館。__1997,po00630800.jpg
HAKODATE　いつか来た夕暮れの石畳。懐かしさ抱え、歩く・・・函館。__1998,po00631100.jpg
函館　うみのにおい。__1999,po00651800.jpg
函館　ゆきのにおい。__2000,po00655400.jpg
Hakodate__2001,po00667400.jpg
Hakodate__2002,po00667500.jpg
